SaleID,SaleDate,CustomerID,ProductID,SalesRepID,Quantity,UnitPrice,Discount,TotalAmount,PaymentMethod
1,2025-12-01,CUS304,PRO030,SR010,1,424398.00,12.57,371051.17,Cash
2,2025-08-29,CUS019,PRO020,SR012,3,485778.00,10.22,1308394.47,Cash
3,2025-01-19,CUS185,PRO075,SR014,1,1072974.00,13.32,930053.86,"Bank Transfer"
4,2025-06-04,CUS450,PRO022,SR015,3,620784.00,11.60,1646319.17,"Mobile Money"
5,2025-05-03,CUS007,PRO119,SR008,5,312835.00,9.72,1412137.19,"Bank Transfer"
6,2025-02-24,CUS276,PRO019,SR012,4,719759.00,3.79,2769920.54,"Mobile Money"
7,2025-07-18,CUS304,PRO087,SR018,1,600909.00,2.41,586427.09,Cash
8,2025-08-30,CUS127,PRO013,SR012,2,877916.00,1.61,1727563.10,"Mobile Money"
9,2025-06-13,CUS490,PRO014,SR017,5,861349.00,0.92,4267122.95,Cash
10,2025-07-27,CUS163,PRO109,SR013,3,396148.00,8.68,1085287.06,Cash
11,2025-03-10,CUS138,PRO120,SR015,2,276254.00,14.74,471068.32,"Mobile Money"
12,2025-09-19,CUS110,PRO040,SR012,4,488127.00,10.61,1745346.90,Card
13,2025-02-17,CUS393,PRO106,SR005,2,60666.00,0.26,121016.54,"Bank Transfer"
14,2025-11-05,CUS297,PRO061,SR015,3,9550.00,1.81,28131.44,"Mobile Money"
15,2025-11-22,CUS405,PRO067,SR008,1,70839.00,13.12,61544.92,"Mobile Money"
16,2025-03-04,CUS498,PRO109,SR009,5,396148.00,5.13,1879128.04,"Mobile Money"
17,2025-12-08,CUS221,PRO083,SR009,1,186604.00,0.58,185521.70,"Bank Transfer"
18,2025-06-21,CUS166,PRO115,SR011,2,224924.00,7.96,414040.10,"Mobile Money"
19,2025-04-30,CUS300,PRO072,SR013,5,352298.00,0.30,1756205.53,"Bank Transfer"
20,2025-07-08,CUS320,PRO030,SR010,2,424398.00,13.49,734293.42,"Mobile Money"
21,2025-08-25,CUS313,PRO034,SR001,5,183211.00,0.81,908634.95,Cash
22,2025-07-13,CUS114,PRO038,SR014,5,323307.00,9.07,1469915.28,"Mobile Money"
23,2025-04-18,CUS380,PRO086,SR009,5,765282.00,3.04,3710087.14,"Mobile Money"
24,2025-12-16,CUS232,PRO031,SR009,3,467119.00,6.55,1309568.12,Card
25,2025-09-07,CUS055,PRO061,SR010,2,9550.00,11.49,16905.41,Cash
26,2025-08-16,CUS330,PRO008,SR013,1,706571.00,6.10,663470.17,"Mobile Money"
27,2025-08-18,CUS285,PRO117,SR010,5,104211.00,0.11,520481.84,Cash
28,2025-06-28,CUS306,PRO051,SR002,1,25389.00,8.22,23302.02,"Mobile Money"
29,2025-09-01,CUS432,PRO072,SR005,4,352298.00,1.92,1382135.51,"Mobile Money"
30,2025-02-27,CUS131,PRO036,SR018,1,453702.00,0.75,450299.24,"Bank Transfer"
31,2025-04-10,CUS333,PRO108,SR015,2,37237.00,3.68,71733.36,"Bank Transfer"
32,2025-08-29,CUS076,PRO112,SR007,5,659865.00,13.76,2845337.88,"Bank Transfer"
33,2025-03-06,CUS002,PRO073,SR004,3,735246.00,2.36,2153682.58,Card
34,2025-10-05,CUS096,PRO004,SR020,3,787697.00,6.83,2201691.88,Card
35,2025-12-16,CUS368,PRO069,SR004,4,51744.00,2.36,202091.37,Card
36,2025-09-14,CUS245,PRO072,SR016,3,352298.00,6.61,987033.31,Cash
37,2025-02-05,CUS367,PRO105,SR010,2,88497.00,5.57,167135.43,Card
38,2025-11-28,CUS180,PRO107,SR014,4,54346.00,3.50,209775.56,"Mobile Money"
39,2025-01-23,CUS381,PRO112,SR020,4,659865.00,6.36,2471590.34,Cash
40,2025-01-21,CUS177,PRO021,SR006,5,808631.00,11.05,3596386.37,Cash
41,2025-10-31,CUS082,PRO005,SR018,4,441778.00,6.42,1653663.41,"Mobile Money"
42,2025-03-18,CUS416,PRO069,SR020,3,51744.00,8.90,141416.35,Card
43,2025-10-09,CUS442,PRO003,SR012,4,323168.00,1.85,1268757.57,Card
44,2025-12-04,CUS344,PRO116,SR005,3,125303.00,10.40,336814.46,"Bank Transfer"
45,2025-11-20,CUS443,PRO071,SR006,3,984868.00,12.79,2576710.15,"Mobile Money"
46,2025-03-24,CUS409,PRO012,SR019,1,970378.00,14.45,830158.38,Cash
47,2025-09-03,CUS095,PRO001,SR008,4,769936.00,8.35,2822585.38,"Bank Transfer"
48,2025-07-27,CUS413,PRO060,SR001,5,43460.00,12.96,189137.92,Cash
49,2025-06-22,CUS097,PRO096,SR011,2,501784.00,13.73,865778.11,"Bank Transfer"
50,2025-07-12,CUS258,PRO090,SR002,4,79687.00,10.57,285056.34,"Bank Transfer"
51,2025-12-05,CUS326,PRO001,SR009,5,769936.00,10.95,3428140.04,Card
52,2025-11-04,CUS164,PRO060,SR004,5,43460.00,12.97,189116.19,"Bank Transfer"
53,2025-05-23,CUS292,PRO012,SR006,2,970378.00,6.74,1809949.05,"Bank Transfer"
54,2025-12-15,CUS023,PRO007,SR012,1,392739.00,10.40,351894.14,"Bank Transfer"
55,2025-11-17,CUS130,PRO101,SR004,5,77476.00,14.62,330745.04,Card
56,2025-11-29,CUS108,PRO104,SR015,5,84917.00,7.79,391509.83,Cash
57,2025-05-28,CUS036,PRO091,SR010,2,656266.00,1.66,1290743.97,"Bank Transfer"
58,2025-09-15,CUS127,PRO082,SR019,5,443346.00,13.26,1922791.60,"Mobile Money"
59,2025-10-07,CUS256,PRO120,SR005,4,276254.00,9.41,1001033.99,"Mobile Money"
60,2025-06-26,CUS132,PRO080,SR004,5,838717.00,10.15,3767936.12,Card
61,2025-12-12,CUS060,PRO107,SR011,1,54346.00,4.45,51927.60,"Mobile Money"
62,2025-02-20,CUS374,PRO103,SR004,5,97867.00,2.69,476171.89,Cash
63,2025-09-08,CUS476,PRO021,SR004,5,808631.00,3.41,3905283.41,"Mobile Money"
64,2025-08-24,CUS282,PRO094,SR012,4,133644.00,11.74,471816.78,"Mobile Money"
65,2025-04-15,CUS373,PRO082,SR018,1,443346.00,7.74,409031.02,"Mobile Money"
66,2025-09-17,CUS331,PRO095,SR002,3,755415.00,1.21,2238823.44,Card
67,2025-04-09,CUS268,PRO104,SR007,3,84917.00,2.94,247261.32,"Mobile Money"
68,2025-12-26,CUS407,PRO071,SR020,3,984868.00,0.82,2930376.25,"Mobile Money"
69,2025-10-14,CUS204,PRO073,SR001,1,735246.00,3.13,712232.80,Card
70,2025-12-02,CUS372,PRO079,SR020,2,487446.00,5.32,923027.75,"Bank Transfer"
71,2025-06-18,CUS341,PRO088,SR017,5,463459.00,10.22,2080467.45,Card
72,2025-01-21,CUS351,PRO061,SR019,3,9550.00,2.46,27945.21,"Mobile Money"
73,2025-08-11,CUS013,PRO082,SR001,2,443346.00,11.30,786495.80,"Mobile Money"
74,2025-11-18,CUS213,PRO031,SR012,4,467119.00,9.04,1699565.77,"Bank Transfer"
75,2025-07-31,CUS234,PRO017,SR013,1,834495.00,9.41,755969.02,Cash
76,2025-03-03,CUS177,PRO117,SR014,5,104211.00,12.50,455923.13,Card
77,2025-12-31,CUS089,PRO117,SR005,2,104211.00,5.21,197563.21,"Mobile Money"
78,2025-04-18,CUS425,PRO119,SR020,3,312835.00,12.27,823350.44,Cash
79,2025-09-28,CUS365,PRO075,SR005,5,1072974.00,1.13,5304246.97,Card
80,2025-05-14,CUS143,PRO100,SR007,5,474646.00,3.47,2290878.92,Cash
81,2025-10-25,CUS310,PRO011,SR019,2,729352.00,1.30,1439740.85,"Mobile Money"
82,2025-07-22,CUS004,PRO034,SR009,5,183211.00,6.43,857152.66,Card
83,2025-07-17,CUS151,PRO047,SR005,1,734201.00,4.93,698004.89,"Bank Transfer"
84,2025-04-13,CUS498,PRO037,SR005,4,240410.00,10.05,864995.18,Card
85,2025-05-02,CUS121,PRO095,SR018,2,755415.00,1.09,1494361.95,Card
86,2025-05-15,CUS302,PRO015,SR020,4,473459.00,0.64,1881715.45,"Bank Transfer"
87,2025-11-06,CUS068,PRO049,SR003,2,16895.00,12.02,29728.44,"Mobile Money"
88,2025-12-02,CUS073,PRO019,SR006,3,719759.00,7.69,1993228.60,Cash
89,2025-04-12,CUS004,PRO022,SR009,3,620784.00,4.82,1772586.63,Card
90,2025-12-29,CUS141,PRO018,SR004,2,354091.00,5.71,667744.81,"Mobile Money"
91,2025-08-11,CUS014,PRO115,SR010,5,224924.00,12.84,980218.79,Card
92,2025-10-09,CUS176,PRO085,SR004,1,796568.00,9.32,722327.86,"Mobile Money"
93,2025-11-27,CUS130,PRO006,SR015,2,538563.00,11.49,953364.22,Cash
94,2025-11-22,CUS029,PRO049,SR006,2,16895.00,3.08,32749.27,"Mobile Money"
95,2025-08-22,CUS479,PRO104,SR020,4,84917.00,11.79,299621.14,"Mobile Money"
96,2025-05-29,CUS002,PRO040,SR009,1,488127.00,5.88,459425.13,"Mobile Money"
97,2025-08-17,CUS059,PRO020,SR005,3,485778.00,2.73,1417548.78,"Bank Transfer"
98,2025-02-04,CUS326,PRO111,SR020,3,92798.00,1.19,275081.11,Cash
99,2025-09-04,CUS005,PRO069,SR002,3,51744.00,3.27,150155.91,"Bank Transfer"
100,2025-09-19,CUS467,PRO032,SR016,3,823634.00,0.71,2453358.60,Card
101,2025-04-09,CUS346,PRO035,SR007,3,241141.00,4.92,687830.59,Card
102,2025-07-07,CUS455,PRO099,SR018,5,388577.00,11.75,1714596.01,Cash
103,2025-10-04,CUS412,PRO043,SR019,5,204952.00,5.21,971370.00,"Bank Transfer"
104,2025-07-19,CUS452,PRO045,SR018,1,219710.00,2.51,214195.28,Cash
105,2025-09-15,CUS021,PRO068,SR017,2,67949.00,1.57,133764.40,Cash
106,2025-06-25,CUS352,PRO040,SR012,5,488127.00,7.16,2265885.53,"Mobile Money"
107,2025-06-23,CUS394,PRO049,SR005,4,16895.00,11.06,60105.65,Cash
108,2025-03-08,CUS449,PRO095,SR001,3,755415.00,2.14,2217747.36,Card
109,2025-11-09,CUS320,PRO005,SR013,2,441778.00,1.48,870479.37,"Mobile Money"
110,2025-04-29,CUS111,PRO095,SR012,3,755415.00,0.14,2263072.26,"Bank Transfer"
111,2025-04-16,CUS062,PRO010,SR002,2,536463.00,2.98,1040952.81,"Mobile Money"
112,2025-05-31,CUS010,PRO071,SR007,5,984868.00,9.25,4468838.55,Cash
113,2025-04-13,CUS279,PRO091,SR006,2,656266.00,12.90,1143215.37,"Mobile Money"
114,2025-10-28,CUS039,PRO077,SR002,1,1097724.00,0.20,1095528.55,Cash
115,2025-10-28,CUS054,PRO043,SR005,2,204952.00,5.68,386621.45,"Mobile Money"
116,2025-05-26,CUS010,PRO083,SR012,5,186604.00,5.64,880397.67,"Mobile Money"
117,2025-10-16,CUS344,PRO022,SR009,4,620784.00,6.50,2321732.16,"Bank Transfer"
118,2025-11-02,CUS389,PRO105,SR009,1,88497.00,6.16,83045.58,"Mobile Money"
119,2025-03-03,CUS480,PRO038,SR005,1,323307.00,13.25,280468.82,Cash
120,2025-09-08,CUS424,PRO061,SR001,5,9550.00,10.08,42936.80,Card
121,2025-04-27,CUS399,PRO073,SR009,3,735246.00,11.80,1945460.92,Cash
122,2025-07-30,CUS022,PRO036,SR019,2,453702.00,4.92,862759.72,"Mobile Money"
123,2025-07-14,CUS082,PRO027,SR011,1,360130.00,5.96,338666.25,Card
124,2025-09-22,CUS042,PRO086,SR007,4,765282.00,5.76,2884807.03,Card
125,2025-11-17,CUS130,PRO026,SR007,1,792985.00,7.16,736207.27,"Mobile Money"
126,2025-11-22,CUS445,PRO027,SR006,3,360130.00,7.17,1002926.04,Cash
127,2025-02-11,CUS064,PRO054,SR007,1,32270.00,2.10,31592.33,Cash
128,2025-05-10,CUS485,PRO011,SR002,3,729352.00,11.17,1943650.14,"Bank Transfer"
129,2025-05-29,CUS488,PRO117,SR017,5,104211.00,12.92,453734.69,Card
130,2025-03-05,CUS368,PRO099,SR013,5,388577.00,5.80,1830197.67,"Bank Transfer"
131,2025-03-01,CUS149,PRO086,SR003,3,765282.00,10.68,2050649.65,"Bank Transfer"
132,2025-05-08,CUS494,PRO096,SR008,4,501784.00,7.75,1851582.96,Cash
133,2025-05-27,CUS478,PRO090,SR004,3,79687.00,11.47,211640.70,"Bank Transfer"
134,2025-10-07,CUS378,PRO039,SR017,5,302114.00,10.37,1353923.89,"Mobile Money"
135,2025-12-25,CUS268,PRO066,SR020,4,108304.00,14.36,371006.18,Cash
136,2025-07-26,CUS007,PRO058,SR004,5,33720.00,6.46,157708.44,"Bank Transfer"
137,2025-02-12,CUS244,PRO080,SR009,2,838717.00,6.04,1576116.99,Card
138,2025-05-27,CUS085,PRO068,SR013,4,67949.00,10.37,243610.75,"Mobile Money"
139,2025-07-12,CUS197,PRO015,SR018,5,473459.00,4.15,2269052.26,"Mobile Money"
140,2025-06-06,CUS129,PRO034,SR014,1,183211.00,14.97,155784.31,Cash
141,2025-06-22,CUS221,PRO100,SR016,3,474646.00,2.79,1384210.13,"Mobile Money"
142,2025-01-18,CUS059,PRO056,SR019,1,25963.00,12.66,22676.08,"Bank Transfer"
143,2025-07-29,CUS133,PRO023,SR019,4,919410.00,4.24,3521708.06,Cash
144,2025-04-09,CUS303,PRO011,SR019,2,729352.00,6.78,1359803.87,"Mobile Money"
145,2025-03-13,CUS181,PRO070,SR016,5,91372.00,11.24,405508.94,"Bank Transfer"
146,2025-04-26,CUS472,PRO063,SR005,3,36766.00,5.66,104055.13,Card
147,2025-05-16,CUS269,PRO078,SR014,5,538185.00,9.00,2448741.75,Cash
148,2025-03-28,CUS311,PRO071,SR002,5,984868.00,9.36,4463421.78,Card
149,2025-08-22,CUS268,PRO070,SR002,1,91372.00,14.91,77748.43,Cash
150,2025-06-21,CUS424,PRO111,SR012,1,92798.00,11.78,81866.40,"Mobile Money"
151,2025-07-19,CUS494,PRO080,SR003,2,838717.00,4.49,1602117.21,"Mobile Money"
152,2025-09-06,CUS492,PRO045,SR001,1,219710.00,9.55,198727.70,Card
153,2025-07-24,CUS268,PRO112,SR012,2,659865.00,3.57,1272615.64,Cash
154,2025-04-26,CUS088,PRO019,SR002,4,719759.00,6.56,2690171.24,Card
155,2025-06-29,CUS009,PRO046,SR015,4,499073.00,8.31,1830400.13,"Mobile Money"
156,2025-11-12,CUS452,PRO033,SR002,1,235916.00,9.24,214117.36,Card
157,2025-05-17,CUS241,PRO055,SR002,3,28348.00,0.43,84678.31,"Mobile Money"
158,2025-11-04,CUS121,PRO097,SR018,2,229898.00,14.96,391010.52,Cash
159,2025-09-22,CUS174,PRO039,SR019,5,302114.00,9.70,1364044.71,"Bank Transfer"
160,2025-12-22,CUS328,PRO024,SR007,2,457302.00,12.19,803113.77,Card
161,2025-01-06,CUS345,PRO080,SR007,1,838717.00,1.01,830245.96,"Mobile Money"
162,2025-01-13,CUS123,PRO104,SR006,5,84917.00,12.02,373549.88,"Mobile Money"
163,2025-07-04,CUS484,PRO042,SR014,3,174161.00,0.68,518930.12,Card
164,2025-07-30,CUS417,PRO115,SR003,4,224924.00,14.71,767350.72,"Mobile Money"
165,2025-08-29,CUS326,PRO006,SR011,2,538563.00,12.83,938930.73,"Bank Transfer"
166,2025-02-13,CUS499,PRO119,SR010,3,312835.00,11.28,832641.64,Card
167,2025-01-21,CUS472,PRO056,SR005,5,25963.00,10.77,115833.92,Cash
168,2025-06-15,CUS362,PRO027,SR017,3,360130.00,14.32,925678.15,Card
169,2025-06-24,CUS123,PRO107,SR003,3,54346.00,0.44,162320.63,Card
170,2025-12-05,CUS010,PRO080,SR011,2,838717.00,14.37,1436386.73,"Mobile Money"
171,2025-06-27,CUS293,PRO015,SR014,1,473459.00,5.83,445856.34,Card
172,2025-10-01,CUS107,PRO022,SR003,3,620784.00,6.11,1748562.29,"Bank Transfer"
173,2025-09-30,CUS080,PRO088,SR003,5,463459.00,2.04,2270022.18,Card
174,2025-10-17,CUS425,PRO114,SR002,2,536190.00,14.57,916134.23,Cash
175,2025-06-17,CUS272,PRO078,SR013,1,538185.00,14.50,460148.18,Card
176,2025-11-01,CUS280,PRO076,SR016,2,362309.00,14.87,616867.30,Cash
177,2025-04-01,CUS122,PRO069,SR012,5,51744.00,8.24,237401.47,"Bank Transfer"
178,2025-09-04,CUS457,PRO108,SR015,1,37237.00,8.48,34079.30,"Bank Transfer"
179,2025-01-17,CUS411,PRO029,SR007,4,830663.00,12.95,2892368.57,"Bank Transfer"
180,2025-06-13,CUS020,PRO052,SR008,2,40491.00,4.26,77532.17,Card
181,2025-05-21,CUS436,PRO047,SR007,5,734201.00,13.10,3190103.35,Card
182,2025-07-24,CUS221,PRO081,SR015,2,453792.00,13.22,787601.40,Cash
183,2025-10-05,CUS058,PRO057,SR014,4,23405.00,5.84,88152.59,"Bank Transfer"
184,2025-09-02,CUS188,PRO038,SR018,1,323307.00,8.18,296860.49,"Bank Transfer"
185,2025-06-14,CUS335,PRO095,SR016,2,755415.00,4.46,1443446.98,Card
186,2025-08-02,CUS334,PRO115,SR003,5,224924.00,13.60,971671.68,Cash
187,2025-03-11,CUS010,PRO031,SR017,1,467119.00,1.60,459645.10,"Bank Transfer"
188,2025-11-12,CUS170,PRO055,SR008,1,28348.00,12.77,24727.96,"Mobile Money"
189,2025-10-04,CUS377,PRO104,SR016,3,84917.00,9.96,229377.80,"Mobile Money"
190,2025-04-11,CUS471,PRO081,SR006,4,453792.00,0.42,1807544.29,Card
191,2025-08-18,CUS041,PRO026,SR004,4,792985.00,5.94,2983526.76,"Mobile Money"
192,2025-10-15,CUS377,PRO084,SR006,3,1185940.00,1.62,3500183.32,"Bank Transfer"
193,2025-04-30,CUS409,PRO078,SR014,4,538185.00,7.73,1986333.20,Cash
194,2025-12-05,CUS117,PRO018,SR016,3,354091.00,6.41,994181.30,Card
195,2025-09-20,CUS027,PRO053,SR006,2,112320.00,4.02,215609.47,"Mobile Money"
196,2025-11-16,CUS083,PRO023,SR004,5,919410.00,0.85,4557975.08,Cash
197,2025-06-29,CUS360,PRO002,SR020,5,657741.00,10.32,2949310.64,Card
198,2025-11-09,CUS155,PRO089,SR004,5,71920.00,8.51,328998.04,"Bank Transfer"
199,2025-11-10,CUS449,PRO059,SR020,1,44052.00,9.96,39664.42,Card
200,2025-12-17,CUS491,PRO107,SR012,1,54346.00,7.03,50525.48,Card
201,2025-11-20,CUS068,PRO011,SR011,5,729352.00,13.70,3147153.88,"Bank Transfer"
202,2025-06-11,CUS344,PRO018,SR009,1,354091.00,13.40,306642.81,"Bank Transfer"
203,2025-03-04,CUS088,PRO087,SR005,5,600909.00,5.37,2843200.93,"Mobile Money"
204,2025-05-18,CUS417,PRO016,SR018,3,555252.00,8.72,1520502.08,Cash
205,2025-01-28,CUS313,PRO016,SR016,1,555252.00,13.09,482569.51,"Mobile Money"
206,2025-11-16,CUS077,PRO094,SR002,2,133644.00,13.53,231123.93,"Bank Transfer"
207,2025-10-29,CUS397,PRO050,SR018,2,100204.00,5.42,189545.89,Cash
208,2025-07-05,CUS264,PRO007,SR012,5,392739.00,4.52,1874935.99,"Bank Transfer"
209,2025-01-14,CUS025,PRO085,SR019,5,796568.00,2.46,3884862.14,"Bank Transfer"
210,2025-03-24,CUS016,PRO115,SR013,5,224924.00,7.93,1035437.63,"Bank Transfer"
211,2025-06-11,CUS239,PRO105,SR014,3,88497.00,8.89,241888.85,Card
212,2025-05-14,CUS094,PRO032,SR018,4,823634.00,10.20,2958493.33,"Mobile Money"
213,2025-02-02,CUS202,PRO026,SR005,4,792985.00,10.12,2850939.67,Card
214,2025-05-09,CUS422,PRO020,SR006,1,485778.00,14.32,416214.59,"Mobile Money"
215,2025-03-15,CUS462,PRO096,SR016,5,501784.00,9.01,2282866.31,Cash
216,2025-01-02,CUS070,PRO032,SR018,2,823634.00,0.06,1646279.64,Cash
217,2025-06-15,CUS496,PRO091,SR018,3,656266.00,5.61,1858348.43,Cash
218,2025-08-06,CUS287,PRO093,SR019,5,76562.00,7.24,355094.56,"Bank Transfer"
219,2025-03-13,CUS378,PRO068,SR006,4,67949.00,1.05,268942.14,"Mobile Money"
220,2025-06-02,CUS066,PRO110,SR011,5,155218.00,6.48,725799.37,"Mobile Money"
221,2025-08-08,CUS083,PRO028,SR007,1,668880.00,11.67,590821.70,"Bank Transfer"
222,2025-11-20,CUS438,PRO036,SR013,5,453702.00,1.44,2235843.46,Cash
223,2025-07-05,CUS182,PRO071,SR018,3,984868.00,6.41,2765213.88,Card
224,2025-09-25,CUS163,PRO020,SR010,1,485778.00,5.51,459011.63,"Bank Transfer"
225,2025-12-28,CUS083,PRO024,SR004,2,457302.00,5.52,864117.86,"Mobile Money"
226,2025-09-10,CUS429,PRO003,SR005,5,323168.00,4.28,1546682.05,"Bank Transfer"
227,2025-03-15,CUS220,PRO054,SR010,4,32270.00,1.42,127247.06,"Bank Transfer"
228,2025-02-12,CUS179,PRO085,SR006,2,796568.00,11.97,1402437.62,Cash
229,2025-07-20,CUS423,PRO027,SR014,1,360130.00,2.50,351126.75,Cash
230,2025-06-26,CUS416,PRO051,SR005,4,25389.00,14.61,86718.67,"Bank Transfer"
231,2025-04-04,CUS131,PRO059,SR019,3,44052.00,13.74,113997.77,"Bank Transfer"
232,2025-08-25,CUS173,PRO015,SR013,2,473459.00,4.59,903454.46,Card
233,2025-01-29,CUS072,PRO050,SR020,5,100204.00,5.23,474816.65,Card
234,2025-04-18,CUS366,PRO047,SR011,2,734201.00,9.88,1323323.88,Card
235,2025-10-12,CUS167,PRO108,SR019,3,37237.00,13.20,96965.15,Card
236,2025-02-17,CUS225,PRO054,SR002,5,32270.00,9.10,146667.15,"Mobile Money"
237,2025-10-28,CUS242,PRO043,SR010,5,204952.00,14.27,878526.75,Card
238,2025-07-19,CUS336,PRO104,SR007,3,84917.00,14.56,217659.25,"Mobile Money"
239,2025-04-09,CUS398,PRO045,SR018,2,219710.00,12.85,382954.53,"Mobile Money"
240,2025-05-18,CUS352,PRO062,SR015,2,62577.00,3.97,120185.39,Cash
241,2025-11-23,CUS491,PRO038,SR008,3,323307.00,3.90,932094.08,"Bank Transfer"
242,2025-03-02,CUS421,PRO056,SR005,5,25963.00,0.27,129464.50,"Mobile Money"
243,2025-01-29,CUS292,PRO002,SR013,4,657741.00,0.66,2613599.64,Card
244,2025-02-07,CUS476,PRO118,SR019,2,289159.00,9.42,523840.44,"Bank Transfer"
245,2025-03-20,CUS191,PRO093,SR011,1,76562.00,10.09,68836.89,Cash
246,2025-11-09,CUS408,PRO109,SR009,1,396148.00,7.34,367070.74,"Mobile Money"
247,2025-11-09,CUS317,PRO105,SR019,2,88497.00,13.47,153152.91,"Bank Transfer"
248,2025-07-18,CUS357,PRO058,SR007,3,33720.00,12.66,88353.14,Cash
249,2025-10-07,CUS189,PRO036,SR007,3,453702.00,3.17,1317958.94,Cash
250,2025-03-30,CUS413,PRO067,SR016,4,70839.00,1.53,279020.65,"Mobile Money"
251,2025-08-30,CUS220,PRO016,SR002,1,555252.00,3.44,536151.33,"Bank Transfer"
252,2025-11-04,CUS312,PRO010,SR016,4,536463.00,5.07,2037057.30,Cash
253,2025-01-09,CUS303,PRO012,SR020,4,970378.00,14.67,3312094.19,Cash
254,2025-12-12,CUS031,PRO001,SR013,1,769936.00,0.51,766009.33,"Bank Transfer"
255,2025-05-29,CUS268,PRO014,SR011,4,861349.00,10.35,3088797.51,"Mobile Money"
256,2025-02-09,CUS025,PRO105,SR016,3,88497.00,10.10,238676.41,"Bank Transfer"
257,2025-12-27,CUS285,PRO004,SR007,4,787697.00,12.97,2742130.80,Card
258,2025-06-02,CUS124,PRO022,SR018,5,620784.00,3.43,2997455.54,Card
259,2025-12-17,CUS450,PRO081,SR018,1,453792.00,4.39,433870.53,"Mobile Money"
260,2025-09-19,CUS031,PRO094,SR009,3,133644.00,3.62,386418.26,"Mobile Money"
261,2025-09-26,CUS332,PRO034,SR010,4,183211.00,13.81,631638.24,"Mobile Money"
262,2025-07-21,CUS284,PRO071,SR008,1,984868.00,14.80,839107.54,"Mobile Money"
263,2025-12-21,CUS316,PRO113,SR001,3,125322.00,7.26,348670.87,Card
264,2025-03-25,CUS330,PRO088,SR016,2,463459.00,0.92,918390.35,"Mobile Money"
265,2025-04-02,CUS034,PRO028,SR014,2,668880.00,12.59,1169336.02,"Bank Transfer"
266,2025-06-11,CUS248,PRO108,SR009,3,37237.00,5.43,105645.09,Cash
267,2025-02-18,CUS082,PRO075,SR017,3,1072974.00,10.24,2889304.39,"Bank Transfer"
268,2025-07-05,CUS215,PRO087,SR014,3,600909.00,6.51,1685369.47,Cash
269,2025-08-13,CUS348,PRO018,SR017,4,354091.00,4.42,1353760.71,Cash
270,2025-03-09,CUS002,PRO080,SR017,4,838717.00,3.69,3231073.37,Cash
271,2025-06-10,CUS304,PRO074,SR006,4,1075812.00,8.43,3940484.19,"Bank Transfer"
272,2025-11-01,CUS135,PRO109,SR012,2,396148.00,4.95,753077.35,Cash
273,2025-08-03,CUS228,PRO038,SR004,3,323307.00,0.62,963907.49,"Mobile Money"
274,2025-11-23,CUS207,PRO052,SR006,3,40491.00,1.40,119772.38,Cash
275,2025-04-17,CUS424,PRO029,SR003,4,830663.00,10.09,2987396.41,Card
276,2025-12-13,CUS170,PRO022,SR015,1,620784.00,5.93,583971.51,"Bank Transfer"
277,2025-12-16,CUS143,PRO005,SR001,3,441778.00,10.97,1179944.86,"Bank Transfer"
278,2025-06-26,CUS338,PRO026,SR011,3,792985.00,0.38,2369914.97,Card
279,2025-01-26,CUS141,PRO060,SR001,2,43460.00,9.67,78514.84,Card
280,2025-04-25,CUS125,PRO063,SR015,2,36766.00,0.74,72987.86,Card
281,2025-05-16,CUS258,PRO025,SR020,5,199950.00,6.16,938165.40,"Bank Transfer"
282,2025-01-28,CUS356,PRO104,SR007,2,84917.00,8.27,155788.73,"Bank Transfer"
283,2025-09-19,CUS091,PRO055,SR016,4,28348.00,1.57,111611.75,Card
284,2025-10-28,CUS091,PRO048,SR019,5,789868.00,0.70,3921694.62,"Mobile Money"
285,2025-03-11,CUS157,PRO106,SR012,2,60666.00,0.45,120786.01,"Mobile Money"
286,2025-09-22,CUS403,PRO025,SR005,1,199950.00,6.07,187813.04,Card
287,2025-09-13,CUS235,PRO025,SR003,4,199950.00,14.84,681109.68,"Bank Transfer"
288,2025-12-10,CUS372,PRO043,SR012,5,204952.00,11.20,909986.88,Card
289,2025-02-13,CUS002,PRO038,SR007,5,323307.00,7.88,1489152.04,Cash
290,2025-03-29,CUS408,PRO085,SR002,3,796568.00,10.53,2138068.17,Cash
291,2025-08-01,CUS484,PRO027,SR020,1,360130.00,9.16,327142.09,Cash
292,2025-09-18,CUS087,PRO031,SR003,2,467119.00,1.92,916300.63,Cash
293,2025-04-09,CUS346,PRO110,SR015,4,155218.00,4.41,593491.54,Card
294,2025-06-11,CUS284,PRO098,SR008,3,665534.00,14.53,1706495.73,Card
295,2025-08-18,CUS476,PRO030,SR001,4,424398.00,0.04,1696912.96,Cash
296,2025-07-18,CUS019,PRO012,SR001,2,970378.00,4.23,1858662.02,"Mobile Money"
297,2025-01-09,CUS157,PRO002,SR015,1,657741.00,4.47,628339.98,Cash
298,2025-01-11,CUS153,PRO119,SR015,2,312835.00,0.35,623480.16,Cash
299,2025-03-27,CUS091,PRO059,SR018,2,44052.00,12.95,76694.53,"Bank Transfer"
300,2025-10-02,CUS334,PRO026,SR001,1,792985.00,9.00,721616.35,"Mobile Money"
301,2025-04-06,CUS210,PRO116,SR015,1,125303.00,7.34,116105.76,"Mobile Money"
302,2025-11-19,CUS297,PRO072,SR011,5,352298.00,10.40,1578295.04,Card
303,2025-06-17,CUS442,PRO061,SR007,4,9550.00,11.22,33913.96,Cash
304,2025-04-07,CUS390,PRO046,SR002,1,499073.00,7.35,462391.13,"Mobile Money"
305,2025-06-21,CUS066,PRO078,SR010,4,538185.00,1.54,2119587.80,Cash
306,2025-08-19,CUS040,PRO023,SR018,5,919410.00,10.15,4130449.43,Cash
307,2025-02-01,CUS409,PRO083,SR014,5,186604.00,9.14,847741.97,"Bank Transfer"
308,2025-09-28,CUS380,PRO060,SR010,2,43460.00,7.64,80279.31,Cash
309,2025-11-25,CUS409,PRO010,SR016,5,536463.00,13.41,2322616.56,"Mobile Money"
310,2025-01-29,CUS375,PRO108,SR010,3,37237.00,8.47,102249.08,"Bank Transfer"
311,2025-11-01,CUS325,PRO034,SR019,1,183211.00,0.15,182936.18,Cash
312,2025-04-08,CUS115,PRO076,SR016,1,362309.00,2.01,355026.59,"Mobile Money"
313,2025-03-31,CUS080,PRO120,SR017,5,276254.00,9.44,1250878.11,Card
314,2025-07-09,CUS116,PRO018,SR004,2,354091.00,12.45,620013.34,Cash
315,2025-04-29,CUS123,PRO113,SR014,4,125322.00,9.87,451810.87,"Bank Transfer"
316,2025-09-22,CUS408,PRO054,SR001,5,32270.00,6.83,150329.80,Card
317,2025-05-11,CUS186,PRO049,SR003,2,16895.00,7.37,31299.68,Card
318,2025-12-19,CUS163,PRO090,SR005,5,79687.00,8.68,363850.84,Cash
319,2025-02-19,CUS103,PRO080,SR005,4,838717.00,12.76,2926786.84,Cash
320,2025-11-16,CUS419,PRO080,SR017,5,838717.00,11.41,3715096.95,Cash
321,2025-05-05,CUS103,PRO012,SR013,2,970378.00,6.63,1812083.88,Card
322,2025-06-15,CUS070,PRO110,SR017,2,155218.00,0.54,308759.65,Cash
323,2025-07-20,CUS170,PRO055,SR011,5,28348.00,13.50,122605.10,Cash
324,2025-11-19,CUS401,PRO030,SR014,3,424398.00,1.97,1248112.08,Cash
325,2025-06-12,CUS270,PRO118,SR005,5,289159.00,9.70,1305552.89,Card
326,2025-07-30,CUS437,PRO024,SR001,4,457302.00,1.68,1798477.31,"Bank Transfer"
327,2025-04-05,CUS006,PRO017,SR005,3,834495.00,4.82,2382817.02,Card
328,2025-07-28,CUS039,PRO034,SR006,5,183211.00,6.51,856419.82,"Bank Transfer"
329,2025-06-05,CUS095,PRO017,SR020,1,834495.00,1.57,821393.43,"Mobile Money"
330,2025-01-18,CUS124,PRO087,SR008,3,600909.00,7.47,1668063.29,"Bank Transfer"
331,2025-03-24,CUS399,PRO045,SR014,3,219710.00,7.83,607520.12,"Bank Transfer"
332,2025-05-30,CUS427,PRO101,SR008,5,77476.00,8.58,354142.80,Card
333,2025-03-05,CUS103,PRO068,SR003,1,67949.00,13.58,58721.53,Cash
334,2025-01-11,CUS395,PRO101,SR012,1,77476.00,10.69,69193.82,Cash
335,2025-04-17,CUS192,PRO061,SR010,2,9550.00,10.38,17117.42,Card
336,2025-10-15,CUS373,PRO104,SR010,3,84917.00,4.09,244331.68,Cash
337,2025-02-22,CUS379,PRO038,SR019,3,323307.00,5.73,914344.53,"Bank Transfer"
338,2025-08-16,CUS402,PRO068,SR014,1,67949.00,8.46,62200.51,Card
339,2025-01-04,CUS184,PRO102,SR018,5,36760.00,1.51,181024.62,"Mobile Money"
340,2025-11-04,CUS126,PRO019,SR006,3,719759.00,1.25,2132286.04,"Mobile Money"
341,2025-10-23,CUS183,PRO081,SR004,2,453792.00,5.77,855216.40,"Mobile Money"
342,2025-09-11,CUS159,PRO027,SR016,4,360130.00,3.09,1396007.93,"Mobile Money"
343,2025-01-29,CUS379,PRO100,SR007,5,474646.00,8.07,2181710.34,"Mobile Money"
344,2025-10-30,CUS336,PRO033,SR020,5,235916.00,5.02,1120365.08,Cash
345,2025-01-12,CUS157,PRO029,SR009,4,830663.00,6.36,3111331.33,"Mobile Money"
346,2025-07-11,CUS266,PRO116,SR006,4,125303.00,7.90,461616.25,Cash
347,2025-06-23,CUS343,PRO065,SR015,5,12442.00,0.91,61643.89,Cash
348,2025-07-11,CUS103,PRO112,SR017,5,659865.00,12.81,2876681.47,Cash
349,2025-04-13,CUS209,PRO082,SR012,2,443346.00,7.13,823470.86,"Mobile Money"
350,2025-08-31,CUS136,PRO040,SR017,4,488127.00,5.61,1842972.30,Cash
351,2025-10-10,CUS289,PRO062,SR009,3,62577.00,0.58,186642.16,"Mobile Money"
352,2025-06-10,CUS402,PRO004,SR007,3,787697.00,5.61,2230521.59,Cash
353,2025-07-11,CUS280,PRO085,SR016,1,796568.00,3.18,771237.14,"Mobile Money"
354,2025-03-26,CUS109,PRO074,SR007,5,1075812.00,11.49,4761006.01,"Mobile Money"
355,2025-06-06,CUS454,PRO024,SR020,2,457302.00,12.24,802656.47,"Bank Transfer"
356,2025-01-05,CUS397,PRO086,SR020,2,765282.00,13.91,1317662.55,Card
357,2025-12-13,CUS244,PRO048,SR013,1,789868.00,13.37,684262.65,Cash
358,2025-05-30,CUS039,PRO007,SR012,5,392739.00,3.18,1901249.50,Card
359,2025-11-02,CUS385,PRO093,SR009,3,76562.00,12.58,200791.50,"Bank Transfer"
360,2025-09-25,CUS035,PRO006,SR005,4,538563.00,14.65,1838654.08,"Bank Transfer"
361,2025-01-26,CUS270,PRO082,SR014,3,443346.00,7.36,1232147.20,"Mobile Money"
362,2025-12-08,CUS468,PRO083,SR001,2,186604.00,4.73,355555.26,"Bank Transfer"
363,2025-04-08,CUS057,PRO031,SR004,2,467119.00,8.75,852492.18,"Bank Transfer"
364,2025-05-10,CUS132,PRO046,SR020,4,499073.00,0.60,1984314.25,"Bank Transfer"
365,2025-06-20,CUS196,PRO048,SR004,1,789868.00,13.76,681182.16,"Bank Transfer"
366,2025-11-25,CUS332,PRO001,SR009,2,769936.00,14.35,1318900.37,"Bank Transfer"
367,2025-11-26,CUS360,PRO038,SR003,1,323307.00,9.14,293756.74,"Bank Transfer"
368,2025-05-22,CUS453,PRO083,SR015,5,186604.00,8.37,854926.23,Card
369,2025-12-02,CUS273,PRO067,SR004,4,70839.00,14.91,241107.62,"Bank Transfer"
370,2025-03-07,CUS439,PRO030,SR014,3,424398.00,1.52,1253841.45,"Bank Transfer"
371,2025-08-10,CUS142,PRO049,SR018,3,16895.00,9.97,45631.71,Cash
372,2025-03-09,CUS075,PRO057,SR006,4,23405.00,1.21,92487.20,"Bank Transfer"
373,2025-11-05,CUS074,PRO001,SR009,3,769936.00,4.40,2208176.45,Card
374,2025-06-09,CUS358,PRO071,SR017,5,984868.00,6.74,4592439.48,"Mobile Money"
375,2025-02-09,CUS478,PRO116,SR019,2,125303.00,12.25,219906.77,Cash
376,2025-01-03,CUS158,PRO090,SR015,1,79687.00,1.23,78706.85,"Mobile Money"
377,2025-04-18,CUS020,PRO017,SR012,5,834495.00,5.20,3955506.30,Card
378,2025-11-19,CUS329,PRO057,SR018,4,23405.00,3.60,90249.68,"Bank Transfer"
379,2025-10-26,CUS042,PRO030,SR010,4,424398.00,9.54,1535641.72,Cash
380,2025-02-28,CUS316,PRO106,SR010,1,60666.00,9.76,54745.00,"Mobile Money"
381,2025-10-26,CUS325,PRO030,SR011,2,424398.00,2.28,829443.45,"Bank Transfer"
382,2025-11-25,CUS031,PRO084,SR016,1,1185940.00,3.64,1142771.78,"Mobile Money"
383,2025-07-21,CUS492,PRO079,SR015,3,487446.00,12.17,1284371.47,Card
384,2025-11-24,CUS418,PRO059,SR012,3,44052.00,0.39,131640.59,Card
385,2025-04-30,CUS411,PRO017,SR016,5,834495.00,5.87,3927550.72,Card
386,2025-07-18,CUS293,PRO043,SR005,5,204952.00,13.41,887339.68,Cash
387,2025-02-26,CUS154,PRO030,SR003,5,424398.00,5.53,2004643.95,"Bank Transfer"
388,2025-04-06,CUS378,PRO029,SR007,2,830663.00,6.56,1552343.01,"Mobile Money"
389,2025-09-15,CUS491,PRO022,SR016,5,620784.00,0.96,3074122.37,Card
390,2025-05-25,CUS371,PRO057,SR012,1,23405.00,11.59,20692.36,"Bank Transfer"
391,2025-05-01,CUS172,PRO033,SR017,5,235916.00,6.70,1100548.14,Card
392,2025-05-28,CUS427,PRO068,SR004,4,67949.00,13.28,235701.49,Card
393,2025-04-29,CUS431,PRO089,SR002,3,71920.00,13.63,186351.91,"Mobile Money"
394,2025-10-12,CUS436,PRO073,SR013,3,735246.00,6.78,2056188.96,"Bank Transfer"
395,2025-03-16,CUS440,PRO113,SR007,4,125322.00,1.06,495974.35,"Mobile Money"
396,2025-10-14,CUS201,PRO045,SR008,1,219710.00,3.97,210987.51,Cash
397,2025-10-25,CUS032,PRO012,SR013,5,970378.00,10.57,4339045.23,"Mobile Money"
398,2025-09-27,CUS362,PRO023,SR008,4,919410.00,1.71,3614752.36,Card
399,2025-08-07,CUS381,PRO041,SR018,3,393667.00,7.06,1097622.33,"Bank Transfer"
400,2025-01-28,CUS370,PRO082,SR004,2,443346.00,2.27,866564.09,"Mobile Money"
401,2025-10-22,CUS130,PRO006,SR001,5,538563.00,1.68,2647575.71,"Bank Transfer"
402,2025-08-07,CUS436,PRO107,SR019,5,54346.00,1.29,268224.68,"Bank Transfer"
403,2025-03-09,CUS393,PRO086,SR018,5,765282.00,4.97,3636237.42,"Mobile Money"
404,2025-02-03,CUS087,PRO019,SR004,3,719759.00,13.84,1860433.06,"Bank Transfer"
405,2025-01-24,CUS332,PRO042,SR011,1,174161.00,0.85,172680.63,Cash
406,2025-10-06,CUS240,PRO059,SR007,3,44052.00,13.02,114949.29,Cash
407,2025-06-12,CUS329,PRO108,SR009,1,37237.00,1.81,36563.01,"Mobile Money"
408,2025-12-25,CUS407,PRO089,SR001,2,71920.00,5.34,136158.94,"Mobile Money"
409,2025-02-11,CUS333,PRO117,SR006,2,104211.00,3.90,200293.54,"Mobile Money"
410,2025-07-10,CUS041,PRO081,SR009,4,453792.00,8.62,1658700.52,"Mobile Money"
411,2025-07-03,CUS470,PRO073,SR017,4,735246.00,11.60,2599829.86,Cash
412,2025-01-22,CUS434,PRO095,SR002,3,755415.00,10.50,2028289.28,Cash
413,2025-11-16,CUS436,PRO086,SR004,5,765282.00,5.29,3623992.91,Card
414,2025-04-07,CUS135,PRO063,SR001,1,36766.00,14.47,31445.96,Card
415,2025-02-26,CUS159,PRO104,SR004,4,84917.00,12.10,298568.17,Card
416,2025-10-31,CUS049,PRO033,SR014,4,235916.00,14.95,802586.23,Cash
417,2025-04-06,CUS157,PRO064,SR004,1,57224.00,4.29,54769.09,Card
418,2025-04-02,CUS067,PRO028,SR015,1,668880.00,13.48,578714.98,"Bank Transfer"
419,2025-07-21,CUS393,PRO083,SR017,5,186604.00,7.49,863136.80,Card
420,2025-03-24,CUS012,PRO014,SR002,3,861349.00,4.57,2465956.05,Cash
421,2025-01-13,CUS382,PRO112,SR019,3,659865.00,4.74,1885762.20,Cash
422,2025-07-15,CUS122,PRO098,SR018,2,665534.00,1.25,1314429.65,Card
423,2025-08-09,CUS019,PRO112,SR010,2,659865.00,13.63,1139850.80,Card
424,2025-02-09,CUS471,PRO076,SR005,2,362309.00,5.91,681793.08,Card
425,2025-02-24,CUS277,PRO029,SR016,5,830663.00,8.50,3800283.23,Cash
426,2025-07-05,CUS090,PRO045,SR006,5,219710.00,7.23,1019124.84,Cash
427,2025-10-07,CUS004,PRO059,SR010,4,44052.00,14.91,149935.39,"Mobile Money"
428,2025-10-20,CUS237,PRO054,SR015,2,32270.00,5.22,61171.01,"Mobile Money"
429,2025-10-20,CUS346,PRO051,SR013,3,25389.00,12.71,66486.17,Card
430,2025-10-16,CUS442,PRO018,SR010,3,354091.00,9.62,960082.34,Cash
431,2025-11-07,CUS457,PRO078,SR012,2,538185.00,4.55,1027395.17,Card
432,2025-09-10,CUS490,PRO008,SR009,1,706571.00,2.52,688765.41,"Mobile Money"
433,2025-08-05,CUS432,PRO109,SR009,4,396148.00,14.37,1356886.13,Cash
434,2025-04-10,CUS268,PRO081,SR018,3,453792.00,4.60,1298752.70,Card
435,2025-11-01,CUS104,PRO030,SR012,4,424398.00,3.46,1638855.32,Card
436,2025-03-07,CUS467,PRO107,SR010,4,54346.00,7.14,201862.78,Card
437,2025-01-20,CUS304,PRO041,SR001,5,393667.00,13.94,1693949.10,Card
438,2025-04-27,CUS451,PRO033,SR002,2,235916.00,12.41,413277.65,Cash
439,2025-08-04,CUS241,PRO113,SR015,2,125322.00,0.80,248638.85,"Mobile Money"
440,2025-11-07,CUS467,PRO069,SR005,4,51744.00,3.36,200021.61,"Bank Transfer"
441,2025-06-13,CUS263,PRO043,SR013,3,204952.00,8.01,565606.03,"Bank Transfer"
442,2025-08-06,CUS044,PRO086,SR020,4,765282.00,13.30,2653997.98,Card
443,2025-01-22,CUS100,PRO107,SR009,5,54346.00,13.39,235345.35,"Bank Transfer"
444,2025-08-01,CUS172,PRO097,SR007,1,229898.00,5.24,217851.34,"Mobile Money"
445,2025-06-20,CUS469,PRO028,SR012,5,668880.00,11.62,2955780.72,Cash
446,2025-01-06,CUS360,PRO074,SR011,5,1075812.00,5.27,5095583.54,Cash
447,2025-06-19,CUS249,PRO048,SR006,3,789868.00,2.70,2305624.69,"Mobile Money"
448,2025-10-05,CUS492,PRO077,SR013,5,1097724.00,14.12,4713626.86,"Mobile Money"
449,2025-10-25,CUS186,PRO047,SR008,1,734201.00,0.47,730750.26,"Mobile Money"
450,2025-04-08,CUS005,PRO052,SR015,3,40491.00,7.53,112326.08,"Mobile Money"
451,2025-09-14,CUS015,PRO014,SR003,1,861349.00,5.38,815008.42,Card
452,2025-05-09,CUS328,PRO012,SR011,1,970378.00,4.90,922829.48,"Mobile Money"
453,2025-09-24,CUS444,PRO049,SR002,2,16895.00,13.91,29089.81,"Mobile Money"
454,2025-11-02,CUS222,PRO115,SR005,4,224924.00,6.64,839956.19,"Mobile Money"
455,2025-06-11,CUS399,PRO028,SR015,1,668880.00,11.75,590286.60,"Mobile Money"
456,2025-07-19,CUS205,PRO060,SR012,2,43460.00,11.03,77332.72,"Bank Transfer"
457,2025-10-05,CUS194,PRO103,SR013,4,97867.00,6.22,367118.69,"Bank Transfer"
458,2025-11-04,CUS463,PRO032,SR002,1,823634.00,8.75,751566.03,Card
459,2025-10-21,CUS401,PRO115,SR016,3,224924.00,10.52,603785.99,"Mobile Money"
460,2025-10-17,CUS199,PRO003,SR005,2,323168.00,10.58,577953.65,"Mobile Money"
461,2025-07-28,CUS075,PRO045,SR007,4,219710.00,7.29,814772.56,Card
462,2025-08-21,CUS092,PRO065,SR010,4,12442.00,4.88,47339.32,Cash
463,2025-06-21,CUS267,PRO040,SR004,4,488127.00,13.32,1692433.93,"Bank Transfer"
464,2025-08-30,CUS400,PRO081,SR013,5,453792.00,1.70,2230387.68,"Mobile Money"
465,2025-03-08,CUS355,PRO044,SR020,4,662908.00,0.44,2639964.82,"Mobile Money"
466,2025-05-18,CUS213,PRO099,SR010,4,388577.00,10.46,1391727.38,"Mobile Money"
467,2025-04-11,CUS076,PRO114,SR004,1,536190.00,12.91,466967.87,"Mobile Money"
468,2025-01-16,CUS339,PRO040,SR003,5,488127.00,11.04,2171188.90,"Mobile Money"
469,2025-05-22,CUS113,PRO021,SR009,4,808631.00,0.67,3212852.69,"Mobile Money"
470,2025-11-07,CUS200,PRO053,SR001,5,112320.00,10.34,503530.56,Cash
471,2025-02-12,CUS134,PRO017,SR002,2,834495.00,0.18,1665985.82,"Bank Transfer"
472,2025-02-10,CUS474,PRO002,SR003,1,657741.00,13.92,566183.45,"Mobile Money"
473,2025-10-10,CUS194,PRO087,SR002,5,600909.00,5.13,2850411.84,"Mobile Money"
474,2025-11-02,CUS280,PRO039,SR019,5,302114.00,4.10,1448636.63,Card
475,2025-08-23,CUS227,PRO011,SR009,2,729352.00,5.07,1384747.71,Cash
476,2025-12-31,CUS071,PRO107,SR013,4,54346.00,12.17,190928.37,"Bank Transfer"
477,2025-05-11,CUS189,PRO064,SR018,2,57224.00,4.53,109263.51,"Mobile Money"
478,2025-07-11,CUS260,PRO012,SR007,4,970378.00,14.63,3313646.79,"Bank Transfer"
479,2025-11-09,CUS429,PRO100,SR005,5,474646.00,10.56,2122616.91,Cash
480,2025-04-11,CUS480,PRO063,SR013,2,36766.00,10.15,66068.50,Card
481,2025-05-27,CUS492,PRO066,SR012,3,108304.00,1.80,319063.58,"Bank Transfer"
482,2025-11-25,CUS001,PRO009,SR010,2,906773.00,1.65,1783622.49,Cash
483,2025-01-23,CUS068,PRO063,SR015,2,36766.00,5.15,69745.10,Card
484,2025-02-14,CUS151,PRO014,SR009,5,861349.00,2.38,4204244.47,Cash
485,2025-10-06,CUS207,PRO073,SR007,3,735246.00,7.27,2045380.85,Card
486,2025-06-19,CUS208,PRO098,SR001,3,665534.00,12.62,1744630.83,"Mobile Money"
487,2025-03-25,CUS341,PRO067,SR002,3,70839.00,8.29,194899.34,Card
488,2025-09-15,CUS116,PRO042,SR013,2,174161.00,2.41,339927.44,Cash
489,2025-12-04,CUS345,PRO004,SR001,5,787697.00,1.38,3884133.91,Card
490,2025-04-18,CUS396,PRO082,SR013,1,443346.00,11.07,394267.60,Card
491,2025-06-08,CUS345,PRO052,SR009,5,40491.00,4.25,193850.66,Card
492,2025-08-08,CUS243,PRO023,SR001,3,919410.00,3.75,2654796.38,Card
493,2025-12-30,CUS401,PRO032,SR001,4,823634.00,3.83,3168355.27,Cash
494,2025-02-23,CUS083,PRO088,SR018,2,463459.00,6.29,868614.86,Card
495,2025-12-08,CUS162,PRO098,SR011,4,665534.00,2.22,2603036.58,Cash
496,2025-10-15,CUS242,PRO098,SR010,5,665534.00,2.01,3260783.83,"Bank Transfer"
497,2025-12-08,CUS207,PRO044,SR012,4,662908.00,9.81,2391506.90,"Bank Transfer"
498,2025-04-05,CUS152,PRO086,SR020,5,765282.00,9.21,3473997.64,Card
499,2025-01-11,CUS394,PRO050,SR004,1,100204.00,13.60,86576.26,Card
500,2025-10-04,CUS308,PRO005,SR004,4,441778.00,7.73,1630514.24,Cash
501,2025-06-06,CUS408,PRO050,SR001,3,100204.00,11.57,265831.19,"Mobile Money"
502,2025-08-01,CUS200,PRO085,SR018,3,796568.00,8.64,2183233.57,Cash
503,2025-11-26,CUS138,PRO010,SR008,1,536463.00,0.57,533405.16,Card
504,2025-06-24,CUS120,PRO111,SR019,3,92798.00,5.65,262664.74,Card
505,2025-04-22,CUS227,PRO106,SR002,2,60666.00,13.44,105024.98,"Mobile Money"
506,2025-09-20,CUS009,PRO028,SR005,3,668880.00,1.31,1980353.02,Card
507,2025-06-09,CUS310,PRO030,SR007,2,424398.00,4.46,810939.70,Card
508,2025-03-13,CUS183,PRO036,SR008,5,453702.00,5.41,2145783.61,"Mobile Money"
509,2025-04-20,CUS211,PRO024,SR016,1,457302.00,13.66,394834.55,"Mobile Money"
510,2025-12-22,CUS421,PRO091,SR003,3,656266.00,4.33,1883549.05,"Mobile Money"
511,2025-09-08,CUS172,PRO111,SR011,1,92798.00,6.60,86673.33,Cash
512,2025-07-15,CUS186,PRO117,SR016,4,104211.00,11.16,370324.21,Card
513,2025-11-01,CUS216,PRO025,SR019,4,199950.00,8.21,734136.42,"Bank Transfer"
514,2025-02-10,CUS015,PRO015,SR013,3,473459.00,2.66,1382594.97,Cash
515,2025-08-04,CUS194,PRO110,SR014,1,155218.00,5.33,146944.88,"Mobile Money"
516,2025-06-26,CUS005,PRO070,SR005,1,91372.00,14.45,78168.75,"Bank Transfer"
517,2025-06-10,CUS228,PRO117,SR013,2,104211.00,10.16,187246.32,Cash
518,2025-09-04,CUS304,PRO115,SR016,3,224924.00,7.11,626795.71,"Mobile Money"
519,2025-05-16,CUS452,PRO091,SR006,2,656266.00,9.73,1184822.64,"Mobile Money"
520,2025-04-16,CUS395,PRO072,SR007,3,352298.00,14.43,904384.20,"Bank Transfer"
521,2025-10-27,CUS418,PRO060,SR008,4,43460.00,12.25,152544.60,"Bank Transfer"
522,2025-10-06,CUS040,PRO120,SR013,3,276254.00,7.05,770334.28,Card
523,2025-08-10,CUS076,PRO058,SR008,4,33720.00,8.11,123941.23,Card
524,2025-12-26,CUS080,PRO062,SR004,4,62577.00,9.85,225652.66,"Mobile Money"
525,2025-07-19,CUS346,PRO062,SR014,5,62577.00,1.57,307972.71,Card
526,2025-01-29,CUS107,PRO004,SR004,3,787697.00,8.20,2169317.54,"Mobile Money"
527,2025-08-20,CUS282,PRO069,SR003,5,51744.00,3.96,248474.69,Card
528,2025-02-14,CUS157,PRO028,SR006,1,668880.00,12.90,582594.48,Cash
529,2025-09-30,CUS081,PRO106,SR018,4,60666.00,10.86,216310.69,"Bank Transfer"
530,2025-04-14,CUS043,PRO084,SR001,3,1185940.00,13.54,3076091.17,"Bank Transfer"
531,2025-10-01,CUS300,PRO118,SR012,5,289159.00,4.88,1375240.20,"Mobile Money"
532,2025-05-22,CUS086,PRO073,SR012,5,735246.00,6.82,3425511.11,"Bank Transfer"
533,2025-09-03,CUS029,PRO004,SR001,2,787697.00,8.36,1443691.06,"Bank Transfer"
534,2025-09-19,CUS432,PRO083,SR016,5,186604.00,9.49,844476.40,"Bank Transfer"
535,2025-12-12,CUS040,PRO105,SR008,1,88497.00,10.28,79399.51,"Bank Transfer"
536,2025-01-31,CUS085,PRO038,SR016,1,323307.00,4.48,308822.85,"Bank Transfer"
537,2025-06-16,CUS165,PRO007,SR010,4,392739.00,1.53,1546920.37,"Mobile Money"
538,2025-12-09,CUS069,PRO066,SR019,2,108304.00,4.84,206124.17,"Bank Transfer"
539,2025-09-18,CUS295,PRO067,SR014,1,70839.00,8.38,64902.69,"Mobile Money"
540,2025-10-30,CUS028,PRO051,SR006,2,25389.00,2.89,49310.52,"Bank Transfer"
541,2025-05-20,CUS182,PRO046,SR016,1,499073.00,14.78,425310.01,"Mobile Money"
542,2025-09-16,CUS255,PRO058,SR018,5,33720.00,1.86,165464.04,Cash
543,2025-08-06,CUS216,PRO046,SR016,3,499073.00,3.16,1449906.88,Card
544,2025-06-27,CUS371,PRO113,SR019,4,125322.00,4.85,476975.53,Card
545,2025-06-08,CUS259,PRO040,SR001,5,488127.00,9.45,2209994.99,Card
546,2025-07-07,CUS044,PRO100,SR016,4,474646.00,5.21,1799667.77,"Bank Transfer"
547,2025-01-30,CUS059,PRO033,SR001,1,235916.00,9.79,212819.82,Card
548,2025-05-31,CUS178,PRO094,SR010,5,133644.00,2.51,651447.68,"Bank Transfer"
549,2025-03-15,CUS144,PRO060,SR007,2,43460.00,5.83,81852.56,"Mobile Money"
550,2025-08-23,CUS453,PRO006,SR015,4,538563.00,2.13,2108366.43,"Mobile Money"
551,2025-04-29,CUS289,PRO081,SR006,1,453792.00,4.04,435458.80,"Mobile Money"
552,2025-03-19,CUS019,PRO120,SR012,4,276254.00,3.21,1069544.99,Card
553,2025-01-08,CUS330,PRO010,SR005,2,536463.00,2.44,1046746.61,"Bank Transfer"
554,2025-08-20,CUS312,PRO112,SR017,3,659865.00,6.68,1847358.05,"Mobile Money"
555,2025-05-07,CUS270,PRO052,SR002,4,40491.00,7.79,149347.00,Cash
556,2025-12-23,CUS156,PRO087,SR017,3,600909.00,6.77,1680682.38,"Bank Transfer"
557,2025-06-04,CUS246,PRO006,SR014,3,538563.00,2.83,1569965.00,"Bank Transfer"
558,2025-06-08,CUS088,PRO097,SR020,4,229898.00,12.97,800320.92,"Bank Transfer"
559,2025-11-23,CUS183,PRO098,SR001,3,665534.00,4.29,1910947.77,"Bank Transfer"
560,2025-03-23,CUS020,PRO080,SR005,5,838717.00,5.80,3950357.07,"Mobile Money"
561,2025-03-12,CUS348,PRO059,SR001,3,44052.00,1.95,129578.96,"Bank Transfer"
562,2025-01-26,CUS098,PRO057,SR013,1,23405.00,9.76,21120.67,Card
563,2025-05-07,CUS212,PRO087,SR001,3,600909.00,0.30,1797318.82,"Bank Transfer"
564,2025-03-09,CUS347,PRO001,SR019,2,769936.00,14.71,1313356.83,"Mobile Money"
565,2025-09-30,CUS161,PRO090,SR020,3,79687.00,6.94,222470.17,Card
566,2025-12-30,CUS120,PRO066,SR005,4,108304.00,0.92,429230.41,"Mobile Money"
567,2025-12-27,CUS396,PRO108,SR017,2,37237.00,12.16,65417.96,"Bank Transfer"
568,2025-01-16,CUS170,PRO028,SR015,1,668880.00,9.23,607142.38,Card
569,2025-03-22,CUS080,PRO119,SR004,3,312835.00,1.69,922644.27,"Mobile Money"
570,2025-11-05,CUS296,PRO078,SR012,2,538185.00,14.26,922879.64,Card
571,2025-09-07,CUS429,PRO114,SR008,2,536190.00,3.87,1030878.89,"Bank Transfer"
572,2025-02-03,CUS190,PRO014,SR005,5,861349.00,11.81,3798118.42,Cash
573,2025-06-12,CUS150,PRO006,SR020,2,538563.00,13.91,927297.77,Card
574,2025-09-02,CUS275,PRO034,SR002,3,183211.00,5.89,517259.62,Cash
575,2025-09-18,CUS079,PRO011,SR017,3,729352.00,10.08,1967499.96,"Bank Transfer"
576,2025-02-27,CUS304,PRO058,SR012,4,33720.00,12.35,118222.32,Card
577,2025-06-28,CUS072,PRO022,SR010,3,620784.00,14.54,1591566.02,"Bank Transfer"
578,2025-10-12,CUS167,PRO024,SR001,3,457302.00,9.56,1240751.79,"Mobile Money"
579,2025-11-25,CUS384,PRO043,SR010,5,204952.00,13.49,886519.88,"Mobile Money"
580,2025-12-21,CUS474,PRO090,SR015,3,79687.00,7.50,221131.43,Card
581,2025-02-05,CUS278,PRO034,SR017,3,183211.00,14.42,470375.92,"Bank Transfer"
582,2025-11-19,CUS394,PRO101,SR006,1,77476.00,14.78,66025.05,Card
583,2025-03-21,CUS346,PRO101,SR015,5,77476.00,3.12,375293.74,Card
584,2025-06-17,CUS225,PRO081,SR012,3,453792.00,9.10,1237490.78,Card
585,2025-12-18,CUS021,PRO118,SR014,1,289159.00,14.90,246074.31,"Mobile Money"
586,2025-10-22,CUS310,PRO070,SR001,3,91372.00,12.74,239193.62,Card
587,2025-04-18,CUS231,PRO087,SR016,5,600909.00,0.51,2989221.82,Card
588,2025-01-17,CUS287,PRO099,SR013,5,388577.00,5.51,1835832.04,Cash
589,2025-03-31,CUS010,PRO012,SR013,1,970378.00,1.75,953396.39,"Mobile Money"
590,2025-07-31,CUS275,PRO045,SR007,5,219710.00,8.97,1000010.07,Cash
591,2025-03-13,CUS075,PRO011,SR006,4,729352.00,12.77,2544855.00,Card
592,2025-09-03,CUS086,PRO104,SR005,1,84917.00,0.72,84305.60,Cash
593,2025-01-25,CUS400,PRO048,SR017,3,789868.00,7.90,2182405.28,"Mobile Money"
594,2025-11-16,CUS130,PRO041,SR016,2,393667.00,1.54,775209.06,Cash
595,2025-12-29,CUS064,PRO115,SR013,3,224924.00,9.73,609116.68,Cash
596,2025-11-06,CUS400,PRO119,SR017,4,312835.00,12.10,1099927.86,"Mobile Money"
597,2025-07-04,CUS096,PRO079,SR005,2,487446.00,13.15,846693.70,"Mobile Money"
598,2025-04-26,CUS238,PRO103,SR012,4,97867.00,8.00,360150.56,"Mobile Money"
599,2025-03-07,CUS230,PRO112,SR010,4,659865.00,6.89,2457601.21,"Bank Transfer"
600,2025-12-10,CUS018,PRO031,SR020,5,467119.00,1.19,2307801.42,Card
601,2025-12-20,CUS451,PRO119,SR012,1,312835.00,10.37,280394.01,"Mobile Money"
602,2025-11-08,CUS045,PRO109,SR004,1,396148.00,9.23,359583.54,Card
603,2025-09-05,CUS112,PRO086,SR001,2,765282.00,8.57,1399394.67,"Bank Transfer"
604,2025-03-17,CUS329,PRO061,SR001,1,9550.00,1.52,9404.84,"Bank Transfer"
605,2025-03-28,CUS326,PRO117,SR013,4,104211.00,9.44,377493.93,Card
606,2025-05-22,CUS415,PRO094,SR001,4,133644.00,12.68,466791.76,Card
607,2025-01-08,CUS277,PRO087,SR003,1,600909.00,9.17,545805.64,Card
608,2025-10-15,CUS365,PRO071,SR008,3,984868.00,0.85,2929489.87,"Mobile Money"
609,2025-05-20,CUS461,PRO104,SR005,4,84917.00,3.91,326386.98,Cash
610,2025-08-14,CUS173,PRO014,SR007,2,861349.00,7.47,1594012.46,"Bank Transfer"
611,2025-06-16,CUS470,PRO107,SR008,3,54346.00,5.85,153500.28,Cash
612,2025-07-02,CUS288,PRO107,SR013,3,54346.00,9.41,147696.12,"Bank Transfer"
613,2025-02-15,CUS111,PRO105,SR009,5,88497.00,2.01,433591.05,Cash
614,2025-03-15,CUS323,PRO051,SR016,5,25389.00,12.44,111153.04,"Bank Transfer"
615,2025-11-14,CUS485,PRO033,SR011,2,235916.00,7.90,434557.27,"Mobile Money"
616,2025-07-02,CUS488,PRO111,SR003,3,92798.00,6.43,260493.27,Cash
617,2025-08-10,CUS461,PRO115,SR004,4,224924.00,2.23,879632.78,"Bank Transfer"
618,2025-07-28,CUS259,PRO045,SR014,4,219710.00,5.76,828218.82,"Bank Transfer"
619,2025-07-01,CUS096,PRO043,SR006,2,204952.00,9.51,370922.13,"Bank Transfer"
620,2025-08-03,CUS481,PRO073,SR014,3,735246.00,14.51,1885685.42,Cash
621,2025-10-19,CUS109,PRO120,SR014,1,276254.00,5.50,261060.03,"Mobile Money"
622,2025-06-23,CUS019,PRO120,SR008,1,276254.00,14.06,237412.69,"Bank Transfer"
623,2025-02-15,CUS407,PRO018,SR007,2,354091.00,6.75,660379.72,Card
624,2025-09-08,CUS203,PRO104,SR005,1,84917.00,11.32,75304.40,Cash
625,2025-11-29,CUS486,PRO117,SR015,2,104211.00,7.83,192102.56,"Mobile Money"
626,2025-03-13,CUS409,PRO113,SR018,4,125322.00,3.96,481437.00,Cash
627,2025-01-21,CUS120,PRO035,SR016,1,241141.00,6.56,225322.15,"Mobile Money"
628,2025-06-29,CUS350,PRO100,SR012,3,474646.00,8.30,1305751.15,"Mobile Money"
629,2025-08-18,CUS039,PRO007,SR008,4,392739.00,14.26,1346937.67,Card
630,2025-03-12,CUS439,PRO039,SR013,1,302114.00,9.91,272174.50,"Mobile Money"
631,2025-09-23,CUS030,PRO092,SR008,5,267189.00,1.18,1320180.85,Card
632,2025-10-19,CUS148,PRO057,SR015,2,23405.00,13.63,40429.80,Card
633,2025-03-04,CUS432,PRO116,SR007,3,125303.00,14.58,321101.47,"Mobile Money"
634,2025-11-21,CUS094,PRO101,SR017,2,77476.00,2.96,150365.42,"Mobile Money"
635,2025-05-29,CUS474,PRO091,SR002,4,656266.00,0.69,2606951.06,"Mobile Money"
636,2025-11-22,CUS407,PRO016,SR018,4,555252.00,3.30,2147714.74,"Mobile Money"
637,2025-10-24,CUS409,PRO070,SR004,5,91372.00,4.59,435890.13,Cash
638,2025-07-19,CUS163,PRO022,SR004,5,620784.00,1.40,3060465.12,Card
639,2025-07-15,CUS061,PRO113,SR008,5,125322.00,4.07,601106.97,"Mobile Money"
640,2025-04-25,CUS064,PRO020,SR012,1,485778.00,1.62,477908.40,Cash
641,2025-02-16,CUS230,PRO083,SR006,3,186604.00,7.04,520401.24,Cash
642,2025-01-02,CUS480,PRO024,SR007,3,457302.00,8.01,1262016.33,Card
643,2025-07-26,CUS498,PRO107,SR019,5,54346.00,13.49,235073.62,Cash
644,2025-10-26,CUS062,PRO080,SR017,2,838717.00,5.68,1582155.75,"Mobile Money"
645,2025-11-20,CUS264,PRO069,SR017,2,51744.00,5.75,97537.44,Card
646,2025-12-19,CUS369,PRO016,SR013,5,555252.00,2.50,2706853.50,Card
647,2025-04-24,CUS012,PRO093,SR019,1,76562.00,11.56,67711.43,Cash
648,2025-01-10,CUS256,PRO034,SR005,3,183211.00,6.71,512752.63,"Mobile Money"
649,2025-07-05,CUS236,PRO013,SR011,4,877916.00,5.48,3319224.81,Card
650,2025-03-07,CUS375,PRO115,SR016,1,224924.00,1.67,221167.77,"Bank Transfer"
651,2025-01-01,CUS071,PRO021,SR006,4,808631.00,2.58,3151073.28,Card
652,2025-01-07,CUS330,PRO079,SR012,2,487446.00,11.07,866971.46,"Mobile Money"
653,2025-06-20,CUS079,PRO101,SR016,5,77476.00,2.85,376339.67,"Mobile Money"
654,2025-12-25,CUS198,PRO004,SR017,5,787697.00,14.14,3381583.22,Cash
655,2025-05-22,CUS136,PRO079,SR010,1,487446.00,14.05,418959.84,Cash
656,2025-07-25,CUS426,PRO079,SR010,3,487446.00,3.73,1407792.79,Cash
657,2025-08-09,CUS395,PRO011,SR019,2,729352.00,8.17,1339527.88,Card
658,2025-07-25,CUS115,PRO056,SR015,4,25963.00,11.17,92251.73,"Bank Transfer"
659,2025-07-23,CUS440,PRO052,SR010,4,40491.00,10.73,144585.26,"Bank Transfer"
660,2025-06-24,CUS336,PRO002,SR002,2,657741.00,0.83,1304563.50,Cash
661,2025-01-30,CUS156,PRO001,SR004,3,769936.00,1.91,2265690.67,Cash
662,2025-01-14,CUS423,PRO080,SR014,4,838717.00,1.02,3320648.35,"Mobile Money"
663,2025-07-27,CUS202,PRO079,SR003,5,487446.00,9.93,2195213.06,"Mobile Money"
664,2025-03-06,CUS480,PRO008,SR015,5,706571.00,14.71,3013172.03,"Mobile Money"
665,2025-12-22,CUS219,PRO110,SR016,1,155218.00,9.82,139975.59,"Mobile Money"
666,2025-01-29,CUS024,PRO035,SR010,4,241141.00,12.65,842546.65,"Mobile Money"
667,2025-04-22,CUS372,PRO100,SR004,3,474646.00,12.00,1253065.44,Cash
668,2025-02-27,CUS006,PRO015,SR011,3,473459.00,5.71,1339273.47,"Bank Transfer"
669,2025-04-21,CUS349,PRO102,SR007,3,36760.00,11.35,97763.22,Cash
670,2025-03-03,CUS107,PRO046,SR008,1,499073.00,3.93,479459.43,Cash
671,2025-07-16,CUS093,PRO075,SR005,1,1072974.00,11.47,949903.88,Card
672,2025-10-10,CUS146,PRO006,SR012,3,538563.00,0.07,1614558.02,"Mobile Money"
673,2025-09-22,CUS209,PRO047,SR014,5,734201.00,12.52,3211395.17,Cash
674,2025-03-10,CUS098,PRO019,SR005,3,719759.00,14.46,1847045.55,Cash
675,2025-09-27,CUS219,PRO015,SR005,2,473459.00,4.87,900803.09,"Bank Transfer"
676,2025-09-06,CUS308,PRO047,SR019,1,734201.00,11.67,648519.74,Cash
677,2025-04-30,CUS245,PRO004,SR010,3,787697.00,5.98,2221778.16,Card
678,2025-01-11,CUS361,PRO039,SR015,1,302114.00,4.07,289817.96,Card
679,2025-04-26,CUS497,PRO102,SR015,1,36760.00,1.01,36388.72,Card
680,2025-07-14,CUS479,PRO057,SR012,2,23405.00,4.05,44914.20,"Mobile Money"
681,2025-09-16,CUS148,PRO024,SR016,3,457302.00,9.23,1245279.08,"Bank Transfer"
682,2025-03-17,CUS235,PRO042,SR014,3,174161.00,11.44,462710.94,"Bank Transfer"
683,2025-01-13,CUS179,PRO055,SR020,5,28348.00,11.84,124957.98,"Mobile Money"
684,2025-12-27,CUS200,PRO076,SR006,3,362309.00,12.57,950300.28,Card
685,2025-10-28,CUS198,PRO063,SR013,2,36766.00,11.31,65215.53,"Mobile Money"
686,2025-11-24,CUS068,PRO100,SR013,3,474646.00,0.66,1414540.01,Card
687,2025-09-04,CUS200,PRO114,SR005,1,536190.00,6.59,500855.08,Cash
688,2025-12-28,CUS025,PRO055,SR020,3,28348.00,7.53,78640.19,Card
689,2025-06-04,CUS068,PRO092,SR011,5,267189.00,7.21,1239623.37,"Bank Transfer"
690,2025-06-09,CUS418,PRO069,SR014,1,51744.00,2.33,50538.36,"Bank Transfer"
691,2025-02-26,CUS299,PRO102,SR020,3,36760.00,8.10,101347.32,Cash
692,2025-05-25,CUS458,PRO015,SR006,1,473459.00,8.50,433214.99,Card
693,2025-07-10,CUS333,PRO097,SR016,1,229898.00,4.70,219092.79,"Bank Transfer"
694,2025-06-08,CUS424,PRO071,SR011,3,984868.00,11.17,2624574.73,"Mobile Money"
695,2025-09-30,CUS494,PRO100,SR012,1,474646.00,14.78,404493.32,"Mobile Money"
696,2025-10-06,CUS465,PRO068,SR006,1,67949.00,3.24,65747.45,Cash
697,2025-11-04,CUS321,PRO073,SR011,1,735246.00,6.20,689660.75,"Mobile Money"
698,2025-01-09,CUS108,PRO113,SR011,3,125322.00,10.07,338106.22,Cash
699,2025-04-21,CUS198,PRO032,SR006,4,823634.00,13.96,2834618.77,"Bank Transfer"
700,2025-03-30,CUS132,PRO069,SR012,1,51744.00,10.70,46207.39,Cash
701,2025-06-22,CUS221,PRO005,SR004,4,441778.00,7.71,1630867.66,"Mobile Money"
702,2025-04-05,CUS486,PRO054,SR004,2,32270.00,3.22,62461.81,"Bank Transfer"
703,2025-11-26,CUS361,PRO062,SR009,4,62577.00,3.00,242798.76,"Mobile Money"
704,2025-06-09,CUS015,PRO047,SR007,2,734201.00,12.84,1279859.18,"Bank Transfer"
705,2025-07-08,CUS465,PRO025,SR005,3,199950.00,9.29,544123.94,"Bank Transfer"
706,2025-07-11,CUS099,PRO040,SR015,1,488127.00,4.98,463818.28,"Bank Transfer"
707,2025-03-10,CUS285,PRO095,SR004,2,755415.00,3.61,1456289.04,Cash
708,2025-01-03,CUS385,PRO023,SR014,2,919410.00,5.32,1740994.78,"Mobile Money"
709,2025-04-13,CUS064,PRO097,SR018,4,229898.00,6.61,858806.97,Cash
710,2025-10-17,CUS397,PRO051,SR010,5,25389.00,6.63,118528.55,"Bank Transfer"
711,2025-09-15,CUS456,PRO110,SR016,2,155218.00,4.86,295348.81,"Bank Transfer"
712,2025-01-06,CUS173,PRO057,SR002,1,23405.00,1.00,23170.95,"Mobile Money"
713,2025-08-05,CUS157,PRO083,SR017,1,186604.00,8.55,170649.36,Card
714,2025-12-25,CUS382,PRO100,SR008,3,474646.00,2.03,1395032.06,Card
715,2025-05-11,CUS162,PRO078,SR004,3,538185.00,8.64,1475057.45,Cash
716,2025-01-03,CUS124,PRO065,SR017,1,12442.00,1.13,12301.41,"Mobile Money"
717,2025-10-27,CUS180,PRO083,SR014,4,186604.00,6.60,697152.54,"Mobile Money"
718,2025-07-11,CUS427,PRO104,SR001,1,84917.00,14.55,72561.58,"Bank Transfer"
719,2025-01-10,CUS473,PRO061,SR019,2,9550.00,11.97,16813.73,"Bank Transfer"
720,2025-08-17,CUS304,PRO031,SR020,2,467119.00,7.97,859779.23,"Bank Transfer"
721,2025-09-12,CUS252,PRO015,SR001,3,473459.00,1.24,1402764.33,Cash
722,2025-06-02,CUS167,PRO036,SR007,5,453702.00,4.10,2175501.09,Card
723,2025-11-14,CUS259,PRO090,SR012,1,79687.00,6.35,74626.88,Cash
724,2025-04-23,CUS207,PRO026,SR013,1,792985.00,11.05,705360.16,Card
725,2025-12-08,CUS460,PRO001,SR008,1,769936.00,12.54,673386.03,Cash
726,2025-12-04,CUS204,PRO013,SR006,1,877916.00,10.52,785559.24,"Bank Transfer"
727,2025-04-05,CUS068,PRO099,SR008,5,388577.00,14.65,1658252.35,Card
728,2025-05-05,CUS350,PRO057,SR003,2,23405.00,4.16,44862.70,"Mobile Money"
729,2025-06-03,CUS378,PRO052,SR018,5,40491.00,7.19,187898.49,"Bank Transfer"
730,2025-06-24,CUS272,PRO072,SR018,5,352298.00,9.74,1589920.87,Card
731,2025-10-30,CUS246,PRO020,SR002,1,485778.00,6.54,454008.12,"Mobile Money"
732,2025-09-11,CUS088,PRO034,SR002,4,183211.00,9.13,665935.34,"Bank Transfer"
733,2025-10-10,CUS285,PRO001,SR017,3,769936.00,7.15,2144656.73,Card
734,2025-03-22,CUS497,PRO100,SR009,4,474646.00,7.56,1755051.05,"Bank Transfer"
735,2025-02-01,CUS202,PRO099,SR012,3,388577.00,1.02,1153840.54,Cash
736,2025-06-13,CUS162,PRO092,SR020,2,267189.00,10.46,478482.06,Cash
737,2025-04-22,CUS426,PRO103,SR015,5,97867.00,14.43,418723.96,"Bank Transfer"
738,2025-02-24,CUS266,PRO068,SR016,1,67949.00,11.06,60433.84,"Bank Transfer"
739,2025-07-09,CUS023,PRO093,SR001,5,76562.00,13.49,331168.93,"Mobile Money"
740,2025-04-02,CUS442,PRO013,SR014,3,877916.00,2.59,2565533.93,"Bank Transfer"
741,2025-04-09,CUS170,PRO105,SR018,4,88497.00,10.45,316996.25,Card
742,2025-12-24,CUS280,PRO009,SR019,5,906773.00,13.20,3935394.82,Card
743,2025-08-12,CUS074,PRO101,SR014,2,77476.00,14.34,132731.88,Cash
744,2025-10-22,CUS101,PRO056,SR002,4,25963.00,2.53,101224.54,"Bank Transfer"
745,2025-08-17,CUS485,PRO084,SR008,5,1185940.00,4.66,5653375.98,Cash
746,2025-06-10,CUS203,PRO036,SR011,1,453702.00,0.03,453565.89,Cash
747,2025-02-08,CUS260,PRO047,SR004,4,734201.00,3.05,2847231.48,"Mobile Money"
748,2025-10-31,CUS270,PRO038,SR006,2,323307.00,5.82,608981.07,"Mobile Money"
749,2025-06-13,CUS120,PRO056,SR017,5,25963.00,13.17,112718.36,"Bank Transfer"
750,2025-10-08,CUS236,PRO001,SR018,5,769936.00,13.76,3319964.03,Cash
751,2025-09-24,CUS306,PRO010,SR004,2,536463.00,13.56,927437.23,"Mobile Money"
752,2025-09-14,CUS025,PRO016,SR014,1,555252.00,6.27,520437.70,Card
753,2025-08-24,CUS285,PRO084,SR020,4,1185940.00,8.53,4339117.27,"Bank Transfer"
754,2025-11-12,CUS244,PRO065,SR015,5,12442.00,11.55,55024.75,Cash
755,2025-09-02,CUS475,PRO002,SR009,3,657741.00,11.82,1739988.04,"Mobile Money"
756,2025-03-21,CUS010,PRO007,SR020,3,392739.00,1.46,1161015.03,"Mobile Money"
757,2025-03-04,CUS420,PRO037,SR001,5,240410.00,9.42,1088816.89,"Mobile Money"
758,2025-10-05,CUS379,PRO018,SR009,2,354091.00,5.40,669940.17,"Bank Transfer"
759,2025-10-30,CUS354,PRO043,SR010,3,204952.00,0.98,608830.41,"Mobile Money"
760,2025-04-28,CUS471,PRO058,SR017,2,33720.00,0.39,67176.98,"Bank Transfer"
761,2025-05-15,CUS109,PRO071,SR012,1,984868.00,8.85,897707.18,Cash
762,2025-04-17,CUS397,PRO001,SR017,3,769936.00,10.99,2055960.10,Card
763,2025-04-21,CUS087,PRO081,SR001,5,453792.00,8.62,2073375.65,"Mobile Money"
764,2025-04-20,CUS492,PRO116,SR008,2,125303.00,10.46,224392.61,Card
765,2025-02-08,CUS492,PRO011,SR003,2,729352.00,5.86,1373223.95,Card
766,2025-10-10,CUS248,PRO024,SR006,4,457302.00,14.25,1568545.86,Cash
767,2025-09-24,CUS422,PRO074,SR019,3,1075812.00,9.00,2936966.76,"Mobile Money"
768,2025-05-20,CUS116,PRO052,SR011,2,40491.00,10.06,72835.21,"Mobile Money"
769,2025-09-21,CUS370,PRO053,SR017,2,112320.00,1.47,221337.79,Card
770,2025-10-18,CUS420,PRO093,SR009,4,76562.00,5.19,290353.73,"Mobile Money"
771,2025-11-03,CUS059,PRO054,SR015,1,32270.00,9.03,29356.02,Card
772,2025-09-20,CUS474,PRO006,SR004,4,538563.00,8.52,1970709.73,"Mobile Money"
773,2025-04-21,CUS250,PRO118,SR002,5,289159.00,11.47,1279962.31,Cash
774,2025-02-06,CUS359,PRO022,SR012,5,620784.00,11.70,2740761.36,Cash
775,2025-07-26,CUS098,PRO074,SR015,5,1075812.00,9.94,4844381.44,"Mobile Money"
776,2025-02-17,CUS400,PRO013,SR020,3,877916.00,14.78,2244480.05,"Bank Transfer"
777,2025-09-09,CUS398,PRO038,SR011,3,323307.00,11.76,855858.29,Cash
778,2025-06-15,CUS383,PRO048,SR018,4,789868.00,7.66,2917456.44,"Bank Transfer"
779,2025-06-04,CUS500,PRO116,SR013,2,125303.00,10.84,223440.31,"Mobile Money"
780,2025-11-30,CUS407,PRO026,SR017,1,792985.00,1.50,781090.23,Card
781,2025-11-24,CUS388,PRO008,SR004,2,706571.00,11.62,1248934.90,Cash
782,2025-12-22,CUS065,PRO090,SR001,1,79687.00,12.72,69550.81,Card
783,2025-12-23,CUS273,PRO035,SR002,3,241141.00,1.18,714886.61,"Bank Transfer"
784,2025-04-22,CUS318,PRO044,SR006,4,662908.00,3.76,2551930.64,"Mobile Money"
785,2025-12-07,CUS116,PRO069,SR010,5,51744.00,1.73,254244.14,Card
786,2025-06-13,CUS376,PRO063,SR008,5,36766.00,14.71,156788.61,Card
787,2025-01-05,CUS308,PRO073,SR013,1,735246.00,0.71,730025.75,"Mobile Money"
788,2025-06-18,CUS095,PRO006,SR018,5,538563.00,5.71,2539055.26,Cash
789,2025-04-14,CUS307,PRO067,SR002,3,70839.00,8.49,194474.31,"Bank Transfer"
790,2025-08-11,CUS054,PRO023,SR001,3,919410.00,0.90,2733405.93,"Mobile Money"
791,2025-04-29,CUS420,PRO113,SR011,5,125322.00,0.89,621033.17,Card
792,2025-05-25,CUS379,PRO104,SR012,4,84917.00,5.13,322243.03,"Mobile Money"
793,2025-10-13,CUS326,PRO080,SR017,3,838717.00,7.54,2326433.21,Card
794,2025-12-01,CUS119,PRO017,SR014,4,834495.00,12.21,2930412.64,Cash
795,2025-01-29,CUS362,PRO009,SR012,5,906773.00,14.63,3870560.55,Card
796,2025-10-05,CUS158,PRO010,SR018,2,536463.00,10.58,959410.43,"Bank Transfer"
797,2025-06-05,CUS048,PRO111,SR009,4,92798.00,3.81,357049.58,Card
798,2025-10-01,CUS078,PRO076,SR013,3,362309.00,10.01,978125.61,"Bank Transfer"
799,2025-01-25,CUS077,PRO104,SR001,5,84917.00,13.88,365652.60,"Bank Transfer"
800,2025-08-22,CUS051,PRO020,SR008,1,485778.00,0.04,485583.69,Cash
801,2025-07-20,CUS351,PRO031,SR009,5,467119.00,8.91,2127493.49,"Mobile Money"
802,2025-01-08,CUS455,PRO111,SR013,5,92798.00,2.09,454292.61,"Bank Transfer"
803,2025-04-21,CUS034,PRO053,SR014,5,112320.00,11.74,495668.16,Cash
804,2025-02-13,CUS466,PRO070,SR004,3,91372.00,7.36,253941.06,Cash
805,2025-03-23,CUS085,PRO016,SR008,1,555252.00,0.92,550143.68,"Mobile Money"
806,2025-01-31,CUS432,PRO092,SR009,1,267189.00,10.44,239294.47,Card
807,2025-02-20,CUS419,PRO063,SR017,2,36766.00,2.85,71436.34,Cash
808,2025-07-26,CUS064,PRO057,SR010,5,23405.00,9.22,106235.30,"Mobile Money"
809,2025-11-30,CUS323,PRO101,SR011,1,77476.00,12.68,67652.04,Cash
810,2025-02-23,CUS240,PRO057,SR009,1,23405.00,7.18,21724.52,Card
811,2025-03-28,CUS164,PRO118,SR018,5,289159.00,11.36,1281552.69,"Mobile Money"
812,2025-10-28,CUS351,PRO011,SR006,3,729352.00,0.80,2170551.55,"Mobile Money"
813,2025-04-05,CUS120,PRO019,SR008,5,719759.00,11.31,3191771.29,Cash
814,2025-09-15,CUS312,PRO011,SR008,1,729352.00,12.25,640006.38,Cash
815,2025-11-14,CUS348,PRO037,SR007,5,240410.00,3.88,1155410.46,"Bank Transfer"
816,2025-05-07,CUS430,PRO054,SR013,2,32270.00,12.61,56401.51,Cash
817,2025-09-24,CUS022,PRO039,SR003,2,302114.00,13.99,519696.50,"Mobile Money"
818,2025-12-19,CUS028,PRO079,SR014,5,487446.00,14.41,2086025.16,"Mobile Money"
819,2025-04-27,CUS120,PRO005,SR016,5,441778.00,12.18,1939847.20,Cash
820,2025-07-25,CUS343,PRO038,SR002,3,323307.00,0.83,961870.66,"Bank Transfer"
821,2025-01-20,CUS253,PRO069,SR003,4,51744.00,9.29,187747.93,Card
822,2025-11-26,CUS211,PRO037,SR005,2,240410.00,14.85,409418.23,"Bank Transfer"
823,2025-04-05,CUS433,PRO068,SR009,5,67949.00,0.58,337774.48,Cash
824,2025-01-07,CUS051,PRO018,SR004,5,354091.00,7.28,1641565.88,"Bank Transfer"
825,2025-02-13,CUS305,PRO049,SR004,2,16895.00,6.61,31556.48,Card
826,2025-05-26,CUS264,PRO002,SR001,2,657741.00,1.71,1292987.26,"Bank Transfer"
827,2025-07-23,CUS302,PRO065,SR007,2,12442.00,6.97,23149.59,Card
828,2025-09-07,CUS427,PRO056,SR016,1,25963.00,2.15,25404.80,"Mobile Money"
829,2025-05-25,CUS068,PRO010,SR010,5,536463.00,12.32,2351853.79,"Bank Transfer"
830,2025-02-17,CUS209,PRO117,SR015,5,104211.00,2.75,506725.99,Cash
831,2025-12-02,CUS018,PRO044,SR003,3,662908.00,12.79,1734366.20,Cash
832,2025-06-19,CUS098,PRO032,SR009,1,823634.00,4.61,785664.47,Card
833,2025-10-09,CUS100,PRO001,SR003,5,769936.00,0.98,3811953.14,"Bank Transfer"
834,2025-08-09,CUS438,PRO029,SR017,3,830663.00,0.84,2471056.29,"Mobile Money"
835,2025-01-24,CUS330,PRO106,SR005,4,60666.00,0.84,240625.62,Cash
836,2025-08-12,CUS424,PRO057,SR008,1,23405.00,14.54,20001.91,Cash
837,2025-03-13,CUS238,PRO078,SR001,3,538185.00,11.84,1423391.69,"Bank Transfer"
838,2025-06-21,CUS431,PRO115,SR018,3,224924.00,11.97,594001.79,"Mobile Money"
839,2025-08-03,CUS492,PRO097,SR020,1,229898.00,9.14,208885.32,Cash
840,2025-02-15,CUS107,PRO080,SR013,4,838717.00,7.44,3105265.82,Cash
841,2025-09-16,CUS080,PRO115,SR020,3,224924.00,11.74,595553.77,Cash
842,2025-10-17,CUS234,PRO093,SR017,4,76562.00,9.21,278042.56,Cash
843,2025-05-06,CUS035,PRO090,SR001,4,79687.00,4.56,304213.09,"Mobile Money"
844,2025-07-12,CUS487,PRO031,SR013,1,467119.00,12.14,410410.75,Cash
845,2025-08-10,CUS207,PRO013,SR015,4,877916.00,1.55,3457233.21,"Bank Transfer"
846,2025-01-29,CUS038,PRO021,SR010,5,808631.00,4.71,3852722.40,Card
847,2025-08-26,CUS375,PRO034,SR016,1,183211.00,6.38,171522.14,"Mobile Money"
848,2025-03-08,CUS252,PRO054,SR019,3,32270.00,5.44,91543.54,"Mobile Money"
849,2025-06-19,CUS194,PRO042,SR013,5,174161.00,6.59,813418.95,Cash
850,2025-04-17,CUS304,PRO106,SR013,5,60666.00,9.22,275362.97,"Bank Transfer"
851,2025-03-24,CUS037,PRO023,SR007,1,919410.00,7.09,854223.83,"Bank Transfer"
852,2025-01-08,CUS058,PRO096,SR015,2,501784.00,13.87,864373.12,Card
853,2025-01-14,CUS468,PRO115,SR004,2,224924.00,14.50,384620.04,Card
854,2025-01-01,CUS085,PRO096,SR012,2,501784.00,5.65,946866.41,"Mobile Money"
855,2025-07-09,CUS053,PRO055,SR016,3,28348.00,8.23,78044.88,"Mobile Money"
856,2025-09-30,CUS400,PRO048,SR017,5,789868.00,1.74,3880621.48,Card
857,2025-04-11,CUS313,PRO112,SR005,4,659865.00,1.73,2593797.34,Cash
858,2025-10-08,CUS469,PRO052,SR007,5,40491.00,13.57,174981.86,Cash
859,2025-11-09,CUS095,PRO041,SR011,5,393667.00,4.05,1888617.43,Card
860,2025-01-18,CUS140,PRO110,SR017,3,155218.00,1.99,456387.49,"Mobile Money"
861,2025-10-03,CUS379,PRO108,SR018,1,37237.00,12.36,32634.51,Card
862,2025-10-07,CUS293,PRO097,SR011,5,229898.00,10.77,1025689.93,"Bank Transfer"
863,2025-09-17,CUS189,PRO112,SR014,5,659865.00,1.52,3249175.26,Cash
864,2025-05-11,CUS084,PRO112,SR012,1,659865.00,5.85,621262.90,"Bank Transfer"
865,2025-09-18,CUS158,PRO055,SR004,3,28348.00,4.06,81591.21,"Mobile Money"
866,2025-04-24,CUS270,PRO068,SR002,2,67949.00,4.11,130312.59,"Bank Transfer"
867,2025-11-08,CUS098,PRO015,SR004,4,473459.00,11.33,1679264.38,"Mobile Money"
868,2025-12-01,CUS207,PRO100,SR011,5,474646.00,10.93,2113835.96,Card
869,2025-03-13,CUS370,PRO101,SR001,1,77476.00,8.15,71161.71,Card
870,2025-10-23,CUS251,PRO118,SR002,4,289159.00,8.42,1059247.25,Card
871,2025-08-27,CUS159,PRO033,SR004,4,235916.00,7.72,870813.14,"Bank Transfer"
872,2025-06-15,CUS188,PRO009,SR018,3,906773.00,14.53,2325056.65,Card
873,2025-10-12,CUS306,PRO008,SR019,4,706571.00,9.19,2566548.50,Cash
874,2025-02-10,CUS060,PRO043,SR019,2,204952.00,3.89,393958.73,"Mobile Money"
875,2025-04-22,CUS123,PRO114,SR020,3,536190.00,8.90,1465407.27,"Bank Transfer"
876,2025-06-19,CUS398,PRO066,SR010,5,108304.00,12.35,474642.28,"Mobile Money"
877,2025-04-10,CUS384,PRO050,SR013,3,100204.00,2.17,294088.72,"Mobile Money"
878,2025-12-04,CUS253,PRO119,SR009,2,312835.00,2.52,609903.12,Cash
879,2025-04-10,CUS352,PRO097,SR002,3,229898.00,8.87,628518.14,"Bank Transfer"
880,2025-02-23,CUS158,PRO044,SR010,5,662908.00,12.43,2902542.68,Cash
881,2025-10-16,CUS405,PRO080,SR004,5,838717.00,7.45,3881162.92,Card
882,2025-08-05,CUS368,PRO087,SR005,4,600909.00,4.19,2302923.65,Cash
883,2025-12-27,CUS386,PRO100,SR019,2,474646.00,0.24,947013.70,"Mobile Money"
884,2025-08-11,CUS443,PRO099,SR016,3,388577.00,0.01,1165614.43,Cash
885,2025-12-23,CUS332,PRO110,SR006,5,155218.00,7.19,720289.13,Card
886,2025-01-07,CUS278,PRO038,SR005,4,323307.00,9.03,1176449.51,Card
887,2025-04-06,CUS207,PRO111,SR010,4,92798.00,12.20,325906.58,"Mobile Money"
888,2025-11-20,CUS130,PRO038,SR019,3,323307.00,12.45,849165.84,"Mobile Money"
889,2025-02-03,CUS144,PRO048,SR014,1,789868.00,6.86,735683.06,Cash
890,2025-07-02,CUS223,PRO082,SR003,3,443346.00,0.60,1322057.77,Card
891,2025-02-16,CUS054,PRO114,SR013,1,536190.00,9.58,484823.00,"Bank Transfer"
892,2025-02-10,CUS229,PRO004,SR015,4,787697.00,0.90,3122430.91,Card
893,2025-05-22,CUS419,PRO054,SR005,3,32270.00,0.29,96529.25,"Mobile Money"
894,2025-04-24,CUS010,PRO104,SR006,2,84917.00,13.45,146991.33,"Mobile Money"
895,2025-08-13,CUS089,PRO020,SR007,2,485778.00,8.38,890139.61,Card
896,2025-03-28,CUS489,PRO078,SR001,3,538185.00,1.48,1590659.59,"Mobile Money"
897,2025-03-18,CUS215,PRO077,SR007,2,1097724.00,7.19,2037595.29,"Bank Transfer"
898,2025-01-30,CUS495,PRO038,SR020,5,323307.00,1.90,1585820.84,Cash
899,2025-12-19,CUS495,PRO072,SR006,4,352298.00,8.32,1291947.23,Cash
900,2025-06-02,CUS155,PRO008,SR001,3,706571.00,14.21,1818501.78,Cash
901,2025-12-10,CUS296,PRO065,SR009,1,12442.00,9.84,11217.71,"Bank Transfer"
902,2025-11-11,CUS278,PRO003,SR002,2,323168.00,2.40,630823.94,"Mobile Money"
903,2025-07-12,CUS395,PRO003,SR019,3,323168.00,2.41,946138.95,Cash
904,2025-09-21,CUS351,PRO019,SR020,2,719759.00,8.15,1322197.28,"Mobile Money"
905,2025-07-22,CUS308,PRO047,SR009,5,734201.00,12.85,3199280.86,Cash
906,2025-01-05,CUS255,PRO074,SR018,4,1075812.00,0.13,4297653.78,Cash
907,2025-11-14,CUS265,PRO118,SR020,3,289159.00,10.50,776391.92,Card
908,2025-11-30,CUS049,PRO084,SR019,5,1185940.00,10.58,5302337.74,Card
909,2025-01-09,CUS355,PRO094,SR009,4,133644.00,0.26,533186.10,Cash
910,2025-10-02,CUS200,PRO031,SR001,5,467119.00,14.06,2007210.34,"Mobile Money"
911,2025-03-30,CUS309,PRO031,SR011,2,467119.00,12.87,814001.57,"Bank Transfer"
912,2025-07-31,CUS192,PRO027,SR005,1,360130.00,11.51,318679.04,"Bank Transfer"
913,2025-08-21,CUS496,PRO109,SR015,5,396148.00,10.31,1776525.71,Cash
914,2025-06-19,CUS186,PRO001,SR004,4,769936.00,7.32,2854306.74,"Mobile Money"
915,2025-10-18,CUS470,PRO023,SR012,4,919410.00,8.24,3374602.46,Card
916,2025-05-05,CUS450,PRO063,SR007,5,36766.00,0.96,182065.23,"Bank Transfer"
917,2025-02-14,CUS378,PRO046,SR016,2,499073.00,0.02,997946.37,"Bank Transfer"
918,2025-02-06,CUS335,PRO092,SR012,3,267189.00,7.38,742411.36,Cash
919,2025-10-30,CUS196,PRO023,SR001,2,919410.00,5.67,1734558.91,Cash
920,2025-07-19,CUS289,PRO092,SR004,1,267189.00,13.78,230370.36,"Mobile Money"
921,2025-05-06,CUS120,PRO040,SR007,3,488127.00,2.03,1434654.07,Card
922,2025-12-20,CUS133,PRO067,SR006,1,70839.00,12.56,61941.62,Card
923,2025-03-21,CUS246,PRO001,SR012,1,769936.00,13.63,664993.72,Card
924,2025-03-05,CUS095,PRO022,SR017,1,620784.00,6.93,577763.67,Card
925,2025-08-21,CUS268,PRO056,SR020,4,25963.00,5.30,98347.84,Cash
926,2025-08-23,CUS400,PRO118,SR010,3,289159.00,8.73,791746.26,Card
927,2025-12-22,CUS104,PRO026,SR012,4,792985.00,3.11,3073292.67,Cash
928,2025-04-05,CUS176,PRO105,SR011,5,88497.00,6.62,413192.49,"Mobile Money"
929,2025-12-12,CUS179,PRO018,SR007,4,354091.00,14.48,1211274.49,"Mobile Money"
930,2025-12-17,CUS308,PRO008,SR004,1,706571.00,4.56,674351.36,"Mobile Money"
931,2025-07-04,CUS387,PRO013,SR012,4,877916.00,5.43,3320980.64,Card
932,2025-03-02,CUS437,PRO090,SR012,4,79687.00,6.54,297901.88,"Bank Transfer"
933,2025-09-23,CUS157,PRO108,SR002,5,37237.00,9.97,167622.36,"Bank Transfer"
934,2025-09-23,CUS092,PRO078,SR017,1,538185.00,12.77,469458.78,Cash
935,2025-09-11,CUS170,PRO040,SR016,3,488127.00,7.35,1356749.00,"Mobile Money"
936,2025-05-27,CUS384,PRO066,SR013,5,108304.00,3.83,520779.78,Cash
937,2025-01-26,CUS222,PRO087,SR019,1,600909.00,13.87,517562.92,"Bank Transfer"
938,2025-10-07,CUS092,PRO111,SR014,3,92798.00,6.78,259518.89,Card
939,2025-02-11,CUS170,PRO109,SR002,4,396148.00,8.83,1444672.53,"Mobile Money"
940,2025-07-15,CUS368,PRO080,SR005,2,838717.00,10.07,1508516.40,"Bank Transfer"
941,2025-03-21,CUS103,PRO107,SR008,5,54346.00,8.66,248198.18,Card
942,2025-01-05,CUS198,PRO102,SR008,4,36760.00,7.19,136467.82,"Bank Transfer"
943,2025-07-29,CUS357,PRO050,SR018,4,100204.00,1.29,395645.47,"Bank Transfer"
944,2025-05-17,CUS138,PRO071,SR012,3,984868.00,6.11,2774077.70,"Bank Transfer"
945,2025-04-19,CUS474,PRO055,SR011,3,28348.00,2.59,82841.36,"Mobile Money"
946,2025-09-22,CUS230,PRO070,SR017,1,91372.00,11.86,80535.28,Cash
947,2025-04-25,CUS194,PRO106,SR014,4,60666.00,7.85,223614.88,Cash
948,2025-11-21,CUS021,PRO045,SR002,2,219710.00,14.22,376934.48,"Bank Transfer"
949,2025-05-11,CUS401,PRO067,SR012,3,70839.00,9.25,192859.18,"Mobile Money"
950,2025-03-21,CUS431,PRO032,SR001,5,823634.00,5.92,3874374.34,"Mobile Money"
951,2025-10-01,CUS041,PRO078,SR018,5,538185.00,10.86,2398690.55,"Bank Transfer"
952,2025-05-10,CUS003,PRO076,SR008,3,362309.00,5.85,1023341.77,"Bank Transfer"
953,2025-02-22,CUS423,PRO018,SR019,3,354091.00,5.29,1006078.76,"Bank Transfer"
954,2025-02-11,CUS208,PRO050,SR017,5,100204.00,8.64,457731.87,"Mobile Money"
955,2025-05-04,CUS009,PRO007,SR003,4,392739.00,12.78,1370187.82,Cash
956,2025-04-18,CUS304,PRO006,SR015,5,538563.00,0.05,2691468.59,Card
957,2025-03-20,CUS191,PRO013,SR015,3,877916.00,1.89,2583970.16,"Bank Transfer"
958,2025-08-08,CUS199,PRO037,SR009,4,240410.00,13.79,829029.84,Cash
959,2025-03-20,CUS032,PRO041,SR012,2,393667.00,12.82,686397.78,"Bank Transfer"
960,2025-11-13,CUS125,PRO028,SR007,1,668880.00,6.78,623529.94,"Mobile Money"
961,2025-07-06,CUS304,PRO081,SR013,1,453792.00,8.26,416308.78,"Mobile Money"
962,2025-06-22,CUS203,PRO112,SR008,5,659865.00,6.85,3073321.24,"Mobile Money"
963,2025-04-06,CUS461,PRO071,SR013,2,984868.00,1.32,1943735.48,Cash
964,2025-05-29,CUS033,PRO088,SR015,5,463459.00,2.77,2253105.93,Card
965,2025-11-16,CUS144,PRO068,SR003,2,67949.00,8.28,124645.65,"Bank Transfer"
966,2025-11-19,CUS480,PRO027,SR002,3,360130.00,12.32,947285.95,"Mobile Money"
967,2025-07-23,CUS143,PRO060,SR007,1,43460.00,5.84,40921.94,"Bank Transfer"
968,2025-02-26,CUS288,PRO105,SR001,1,88497.00,13.36,76673.80,Cash
969,2025-08-13,CUS194,PRO004,SR014,3,787697.00,14.60,2018079.71,Cash
970,2025-05-23,CUS235,PRO048,SR012,1,789868.00,7.75,728653.23,Card
971,2025-04-09,CUS141,PRO023,SR003,3,919410.00,11.62,2437723.67,Cash
972,2025-10-10,CUS224,PRO117,SR019,4,104211.00,14.23,357527.10,Cash
973,2025-05-23,CUS217,PRO107,SR005,3,54346.00,9.25,147956.99,Cash
974,2025-04-27,CUS449,PRO042,SR009,2,174161.00,6.69,325019.26,Card
975,2025-08-08,CUS366,PRO014,SR019,5,861349.00,13.16,3739977.36,Card
976,2025-12-18,CUS037,PRO063,SR015,4,36766.00,2.69,143107.98,Card
977,2025-10-23,CUS251,PRO055,SR009,4,28348.00,6.55,105964.82,"Bank Transfer"
978,2025-11-18,CUS410,PRO099,SR020,1,388577.00,14.65,331650.47,Card
979,2025-10-15,CUS492,PRO057,SR015,1,23405.00,2.74,22763.70,Card
980,2025-08-17,CUS222,PRO103,SR013,3,97867.00,9.46,265826.35,Cash
981,2025-11-16,CUS267,PRO021,SR014,2,808631.00,13.45,1399740.26,"Bank Transfer"
982,2025-01-16,CUS341,PRO045,SR010,1,219710.00,6.76,204857.60,"Mobile Money"
983,2025-10-31,CUS211,PRO095,SR004,4,755415.00,2.96,2932218.86,"Bank Transfer"
984,2025-08-16,CUS363,PRO074,SR015,3,1075812.00,3.77,3105761.66,Card
985,2025-02-10,CUS041,PRO070,SR014,3,91372.00,2.21,268058.04,Cash
986,2025-10-30,CUS114,PRO083,SR007,2,186604.00,8.19,342642.26,"Bank Transfer"
987,2025-01-19,CUS455,PRO116,SR011,1,125303.00,0.60,124551.18,Cash
988,2025-03-05,CUS169,PRO104,SR004,5,84917.00,8.70,387646.11,Cash
989,2025-10-14,CUS217,PRO053,SR013,4,112320.00,2.55,437823.36,Card
990,2025-01-18,CUS328,PRO110,SR014,1,155218.00,9.59,140332.59,Card
991,2025-09-09,CUS418,PRO067,SR018,5,70839.00,7.72,326851.15,"Mobile Money"
992,2025-08-17,CUS362,PRO057,SR016,2,23405.00,11.21,41562.60,"Mobile Money"
993,2025-01-03,CUS335,PRO120,SR008,4,276254.00,2.94,1072528.53,Card
994,2025-11-29,CUS014,PRO022,SR017,4,620784.00,8.95,2260895.33,"Mobile Money"
995,2025-07-22,CUS127,PRO120,SR020,2,276254.00,4.10,529855.17,"Mobile Money"
996,2025-05-31,CUS339,PRO060,SR015,5,43460.00,0.12,217039.24,Cash
997,2025-04-11,CUS231,PRO056,SR013,3,25963.00,2.52,75926.20,"Mobile Money"
998,2025-07-22,CUS198,PRO061,SR019,2,9550.00,9.96,17197.64,"Mobile Money"
999,2025-07-31,CUS416,PRO031,SR016,1,467119.00,8.50,427413.89,Cash
1000,2025-02-01,CUS372,PRO025,SR005,5,199950.00,5.55,944263.88,Card
